"Guild","Zone","Year","n_species","comp_median","comp_low","comp_high"
"Ants","Core",2000,20,0.0599196465446122,0.0193811704526731,0.185837599610951
"Ants","Core",2001,20,0.0723097545774025,0.0224918185173655,0.187957653587566
"Ants","Core",2002,20,0.0866804927801485,0.0295111191762581,0.219240671931539
"Ants","Core",2003,20,0.0775038499932178,0.0250243305178703,0.192322942553756
"Ants","Core",2004,20,0.0720857119032639,0.0259378246127842,0.191268144111167
"Ants","Core",2005,20,0.0716993569618799,0.0260646399302584,0.18377694646233
"Ants","Core",2006,20,0.0699534661939147,0.0230146598617049,0.182041912527452
"Ants","Core",2007,20,0.0688197536165584,0.0240951616559975,0.17027162480577
"Ants","Core",2008,20,0.0712904803252598,0.0241430612638448,0.174288566830681
"Ants","Core",2009,20,0.071780454373096,0.0278633602687135,0.158137677340192
"Ants","Core",2010,20,0.0893642076537915,0.0370131370697085,0.184821172147434
"Ants","Core",2011,20,0.0548649770721874,0.0206437558831469,0.135112805487621
"Ants","Core",2012,20,0.0375912217189684,0.0136724118217524,0.09545118677613
"Ants","Core",2013,20,0.0313955000357013,0.00865731255648099,0.082719564061681
"Ants","Core",2014,20,0.028190286339997,0.00946569137989357,0.0748980507620441
"Ants","Core",2015,20,0.0291900350745375,0.00895060497076184,0.0788610988233068
"Ants","Core",2016,20,0.0337565442651921,0.00971124676328464,0.0863892397156843
"Ants","Core",2017,20,0.0250350053975598,0.00820523218669072,0.0668542785789449
"Ants","Core",2018,20,0.0299250895057864,0.00976334476118149,0.0807237764367345
"Ants","Core",2019,20,0.0282224298845284,0.00857903678243565,0.0721424567165561
"Ants","Core",2020,20,0.0207422546636045,0.00583661587928107,0.0588912813504436
"Ants","Core",2021,20,0.0105027616050658,0.00237370964011933,0.0363912561573247
"Ants","Core",2022,20,0.00751226634000754,0.00158443925215891,0.0287841965909492
"Ants","Core",2023,20,0.00553932368268046,0.00106302025731051,0.0250245607382405
"Ants","Buffer",2000,20,0.0375617177177534,0.0109704819007781,0.114392205661143
"Ants","Buffer",2001,20,0.0423321320940199,0.011935602636745,0.126675980893204
"Ants","Buffer",2002,20,0.0541707225080302,0.0159683693425852,0.150258077829634
"Ants","Buffer",2003,20,0.0520921132154001,0.0165566192336431,0.139740674099441
"Ants","Buffer",2004,20,0.0557009801093785,0.0177784547537484,0.143340060655488
"Ants","Buffer",2005,20,0.056915934915931,0.0184584875180956,0.142465631759722
"Ants","Buffer",2006,20,0.0613610469848673,0.0215244003693035,0.14891065810257
"Ants","Buffer",2007,20,0.0792676570045186,0.0296323564474435,0.16633722843679
"Ants","Buffer",2008,20,0.111737322218815,0.0491493705584971,0.212517249164035
"Ants","Buffer",2009,20,0.0945955775329213,0.0387295032486043,0.188400218336401
"Ants","Buffer",2010,20,0.0811456800655835,0.0341544823753726,0.166512337978596
"Ants","Buffer",2011,20,0.0737482205216137,0.0290674866299297,0.148661131892991
"Ants","Buffer",2012,20,0.0887291794478992,0.0394318315796836,0.165104151208353
"Ants","Buffer",2013,20,0.101236673518948,0.0459351051989065,0.188308223526942
"Ants","Buffer",2014,20,0.074833253717578,0.031184312615884,0.142587277030113
"Ants","Buffer",2015,20,0.0774131179254912,0.0331769778163888,0.139517416121262
"Ants","Buffer",2016,20,0.0846598607376944,0.0367464435825148,0.15860188082109
"Ants","Buffer",2017,20,0.0952920535873614,0.0405514462817026,0.181461650888429
"Ants","Buffer",2018,20,0.107671815045239,0.0421673578334854,0.205152259473483
"Ants","Buffer",2019,20,0.101122438838005,0.043261038703154,0.188295214767399
"Ants","Buffer",2020,20,0.056957309428397,0.0215225584572126,0.12435301084288
"Ants","Buffer",2021,20,0.0276538303880693,0.00945910992465558,0.068994735804156
"Ants","Buffer",2022,20,0.0208970444671365,0.00645798042724267,0.0551530140715627
"Ants","Buffer",2023,20,0.0144288788227773,0.00393845581350013,0.0479391794933014
"Ants","Outside",2000,20,0.0296975283631553,0.00753143056985802,0.101036674504426
"Ants","Outside",2001,20,0.0371378903778702,0.0104689653643581,0.107087212216676
"Ants","Outside",2002,20,0.0389490471276017,0.00874110384896797,0.107879275980671
"Ants","Outside",2003,20,0.0360954348706358,0.00985104258363303,0.0932606765997245
"Ants","Outside",2004,20,0.0345601713997687,0.00975646213441764,0.0883240658994557
"Ants","Outside",2005,20,0.0406508956865362,0.012939202884247,0.0963534743365381
"Ants","Outside",2006,20,0.0435172671992964,0.0142011569890402,0.103715924846576
"Ants","Outside",2007,20,0.056896245092505,0.0201052287508493,0.116561223619014
"Ants","Outside",2008,20,0.0876705049441274,0.0390334560745473,0.155430240425941
"Ants","Outside",2009,20,0.111964426186385,0.0520962345898536,0.192651660491847
"Ants","Outside",2010,20,0.0872602598425548,0.0374616871588285,0.15740250590071
"Ants","Outside",2011,20,0.0635980413495179,0.0263269802939606,0.131162914174427
"Ants","Outside",2012,20,0.0657821383045526,0.0267317447169277,0.137557208639916
"Ants","Outside",2013,20,0.0638723800867726,0.0252274406847426,0.124993111051307
"Ants","Outside",2014,20,0.0578459322636418,0.0238548373551083,0.115850782981287
"Ants","Outside",2015,20,0.075925863111744,0.0323100480037312,0.135391198391735
"Ants","Outside",2016,20,0.0632570821503057,0.0253841141007494,0.118518885545855
"Ants","Outside",2017,20,0.0355055484819464,0.0133410840062058,0.0743161200962856
"Ants","Outside",2018,20,0.0204098634475663,0.00731730631649316,0.0481964341511083
"Ants","Outside",2019,20,0.0123142006130257,0.00383938242485638,0.0308081769860946
"Ants","Outside",2020,20,0.0111773693964589,0.00344268330668347,0.0308886517421847
"Ants","Outside",2021,20,0.00952059037093421,0.00288044142935834,0.0292263561907404
"Ants","Outside",2022,20,0.00775301588177598,0.00211868973133779,0.0228315117624081
"Ants","Outside",2023,20,0.00711829379651776,0.00179501390624084,0.0224031407659041
"Bee Flies","Core",2000,1,0.00770643072104749,1e-06,0.278819189809624
"Bee Flies","Core",2001,1,0.00760044278079571,1e-06,0.218341543799853
"Bee Flies","Core",2002,1,0.00846577758378622,1e-06,0.197618673339093
"Bee Flies","Core",2003,1,0.0102013001017889,1e-06,0.224313075927578
"Bee Flies","Core",2004,1,0.0077653181354646,1e-06,0.19892108241662
"Bee Flies","Core",2005,1,0.00796222320884948,1e-06,0.209562422578318
"Bee Flies","Core",2006,1,0.00957509371562405,1e-06,0.212786888252695
"Bee Flies","Core",2007,1,0.00806497092651897,1.32515661628502e-06,0.190379756292907
"Bee Flies","Core",2008,1,0.00901872212215259,1e-06,0.184317314570805
"Bee Flies","Core",2009,1,0.0102562833871231,1e-06,0.190347474953099
"Bee Flies","Core",2010,1,0.00874216962195912,1e-06,0.195808155263865
"Bee Flies","Core",2011,1,0.0128187754513296,1.73563656609383e-05,0.162944172948899
"Bee Flies","Core",2012,1,0.0135251686647912,1.07112856528047e-05,0.214667920629371
"Bee Flies","Core",2013,1,0.0168342156921137,2.62259337168183e-05,0.188803432650155
"Bee Flies","Core",2014,1,0.0208382037455479,7.47080953496933e-06,0.303103590975716
"Bee Flies","Core",2015,1,0.0248087685951704,9.06999872458415e-05,0.222730892015777
"Bee Flies","Core",2016,1,0.0213697765736775,7.1432631495399e-05,0.207547505839844
"Bee Flies","Core",2017,1,0.0217506067743344,0.0001066729279777,0.191508598789701
"Bee Flies","Core",2018,1,0.0246125535201631,0.000337268702449261,0.195565084316536
"Bee Flies","Core",2019,1,0.0438488305717325,0.00102090064055253,0.227040363943886
"Bee Flies","Core",2020,1,0.036462516235014,0.00124573390278793,0.231003628278979
"Bee Flies","Core",2021,1,0.0519156989321308,0.00102739721074149,0.290200058952753
"Bee Flies","Core",2022,1,0.0476960798837173,0.000572843134079769,0.346490757577474
"Bee Flies","Core",2023,1,0.0518214307043549,7.29516927356567e-05,0.425717596409127
"Bee Flies","Buffer",2000,1,0.0227294725592071,2.12671104263736e-06,0.356852764265959
"Bee Flies","Buffer",2001,1,0.0231665040601208,5.19939526364581e-06,0.328192192371429
"Bee Flies","Buffer",2002,1,0.0312984089029652,2.64295727673309e-05,0.295716358785712
"Bee Flies","Buffer",2003,1,0.027642265013865,1.87232425597225e-05,0.285581759460438
"Bee Flies","Buffer",2004,1,0.0345634598754717,9.56838023160221e-05,0.273233904629194
"Bee Flies","Buffer",2005,1,0.0307563281305274,0.000132070932518327,0.266714316546007
"Bee Flies","Buffer",2006,1,0.0376657689872187,0.000148957888468539,0.324924939283219
"Bee Flies","Buffer",2007,1,0.0405435351936415,0.000123652510788574,0.338047913514942
"Bee Flies","Buffer",2008,1,0.046971584762027,0.000237634632240468,0.354317705831629
"Bee Flies","Buffer",2009,1,0.0404368679049459,0.000228312780745761,0.298010798655055
"Bee Flies","Buffer",2010,1,0.0386423887150017,0.000350362365942513,0.258453185073671
"Bee Flies","Buffer",2011,1,0.0388293546737195,0.00042499394269778,0.251165993395755
"Bee Flies","Buffer",2012,1,0.0367177392821291,0.000435509630194836,0.224980566278966
"Bee Flies","Buffer",2013,1,0.0265474027261773,0.00049271064776578,0.19324104969824
"Bee Flies","Buffer",2014,1,0.026179874610188,0.000496093528447542,0.180341874367287
"Bee Flies","Buffer",2015,1,0.0392423729676559,0.000981925207052716,0.195780104151314
"Bee Flies","Buffer",2016,1,0.0564012296600912,0.00263806582103585,0.26324554774464
"Bee Flies","Buffer",2017,1,0.0615656951523913,0.00370974711395936,0.299172747936284
"Bee Flies","Buffer",2018,1,0.0822965877179733,0.00175124949941672,0.368783157841385
"Bee Flies","Buffer",2019,1,0.0755318592616549,0.00330972324144916,0.342482304163997
"Bee Flies","Buffer",2020,1,0.144646400550798,0.00547441554039196,0.479505346648555
"Bee Flies","Buffer",2021,1,0.178103392332148,0.00579499807216389,0.593250867441378
"Bee Flies","Buffer",2022,1,0.257618837953238,0.0132715545665982,0.824229196736947
"Bee Flies","Buffer",2023,1,0.336486012211927,0.0206203235294406,0.871497733368234
"Bee Flies","Outside",2000,1,0.0530736307587651,8.34687815597819e-06,0.68132390420941
"Bee Flies","Outside",2001,1,0.0549871122642892,1.43507939607375e-05,0.677793491069159
"Bee Flies","Outside",2002,1,0.0567157221134264,8.96037383799566e-06,0.695915105280269
"Bee Flies","Outside",2003,1,0.0702194356858094,8.06766530347196e-06,0.747408463872318
"Bee Flies","Outside",2004,1,0.0627787506729495,1.10264658603379e-05,0.696578777746798
"Bee Flies","Outside",2005,1,0.069230846316989,1.59150016933896e-05,0.695449376797243
"Bee Flies","Outside",2006,1,0.0769994435432283,2.72962189330038e-05,0.68599423517411
"Bee Flies","Outside",2007,1,0.0921702272034969,0.000130409508449777,0.645216565471552
"Bee Flies","Outside",2008,1,0.127838530241699,0.000555871963147826,0.671437697711455
"Bee Flies","Outside",2009,1,0.136178221490894,0.00174357703858275,0.659667691699087
"Bee Flies","Outside",2010,1,0.167200580974055,0.00419321260332869,0.704261333960051
"Bee Flies","Outside",2011,1,0.188615106659986,0.00379519229231683,0.72156322208627
"Bee Flies","Outside",2012,1,0.165668500362403,0.00398423015513245,0.651191817407498
"Bee Flies","Outside",2013,1,0.135812270338155,0.00657040137736143,0.585224977005791
"Bee Flies","Outside",2014,1,0.152352790261564,0.00558545137887954,0.555940178037122
"Bee Flies","Outside",2015,1,0.148222125308901,0.00634228825188359,0.522107206669331
"Bee Flies","Outside",2016,1,0.147937411813546,0.00723006504677639,0.556492765195312
"Bee Flies","Outside",2017,1,0.13208261695983,0.00515667997666943,0.465335740839753
"Bee Flies","Outside",2018,1,0.116976027650914,0.00631651957688416,0.504393348877876
"Bee Flies","Outside",2019,1,0.131122163219291,0.00583547355664722,0.512216348954127
"Bee Flies","Outside",2020,1,0.176541417369778,0.00843547740835207,0.590296744488166
"Bee Flies","Outside",2021,1,0.199032549830276,0.00784333035329096,0.65419125721498
"Bee Flies","Outside",2022,1,0.156585126133523,0.00937869796016263,0.576112333276579
"Bee Flies","Outside",2023,1,0.154556762754664,0.00801229049350367,0.520226428540813
"Bumblebees","Core",2000,16,0.00539565183668927,0.00112247416047439,0.0241931642542389
"Bumblebees","Core",2001,16,0.00653342951476664,0.00125653647025297,0.0284903170158118
"Bumblebees","Core",2002,16,0.00697949985559213,0.00166109693893332,0.0267492381082711
"Bumblebees","Core",2003,16,0.00791365232269143,0.00166169826051067,0.0288090077803939
"Bumblebees","Core",2004,16,0.00924571272733655,0.00200633671790345,0.032245053219729
"Bumblebees","Core",2005,16,0.0108932642554129,0.00293978954868141,0.0376912951935557
"Bumblebees","Core",2006,16,0.0135900108348456,0.00363063351991319,0.0438965681148749
"Bumblebees","Core",2007,16,0.0174858325472812,0.00413158366574967,0.0514442960422839
"Bumblebees","Core",2008,16,0.022149461162009,0.00606483622658806,0.0591124369621424
"Bumblebees","Core",2009,16,0.0249328012658469,0.00834534970327728,0.0620455512669559
"Bumblebees","Core",2010,16,0.03579172861736,0.0132243506555048,0.0771532387757583
"Bumblebees","Core",2011,16,0.0460513695966927,0.0189373227461071,0.0876250290685393
"Bumblebees","Core",2012,16,0.0708523907448538,0.033626200145044,0.117468396280091
"Bumblebees","Core",2013,16,0.0581008950647657,0.0245855587787999,0.102075775061609
"Bumblebees","Core",2014,16,0.0741446936251444,0.0362912673490368,0.120816495762967
"Bumblebees","Core",2015,16,0.0692020132292254,0.0312812726613228,0.118280576520485
"Bumblebees","Core",2016,16,0.0885071530273915,0.0435736307273385,0.134928716192286
"Bumblebees","Core",2017,16,0.107384930621819,0.0525670560046064,0.149489222462939
"Bumblebees","Core",2018,16,0.133430417508895,0.0751139970641386,0.178938709410113
"Bumblebees","Core",2019,16,0.119450666793147,0.0616270894733043,0.177290117217626
"Bumblebees","Core",2020,16,0.108092165934331,0.0474624626730914,0.175303193478994
"Bumblebees","Core",2021,16,0.0690519101835902,0.0301157075345808,0.116810594734945
"Bumblebees","Core",2022,16,0.0596989564562154,0.023709516275588,0.112873177544871
"Bumblebees","Core",2023,16,0.0483737329568249,0.0164950675721488,0.0962375148990458
"Bumblebees","Buffer",2000,16,0.00317916726260845,0.000549306049035296,0.0142478277160754
"Bumblebees","Buffer",2001,16,0.00393372645620851,0.00091975015524521,0.0148694672413299
"Bumblebees","Buffer",2002,16,0.00435180524051409,0.00102751728702061,0.0151991251663729
"Bumblebees","Buffer",2003,16,0.00511890976795639,0.00123893815135843,0.0162188581202813
"Bumblebees","Buffer",2004,16,0.00566174447518281,0.00131074796210196,0.0171995617369875
"Bumblebees","Buffer",2005,16,0.00698644851245254,0.00202445471923333,0.0200705203243318
"Bumblebees","Buffer",2006,16,0.00830512361384471,0.00240609387962906,0.0240295826099023
"Bumblebees","Buffer",2007,16,0.00819825953188017,0.0023438957740766,0.0214575846380324
"Bumblebees","Buffer",2008,16,0.0107021927786875,0.0030371025237864,0.0280523041135991
"Bumblebees","Buffer",2009,16,0.0133682650951666,0.00400600414660799,0.0313422353559801
"Bumblebees","Buffer",2010,16,0.0177433125929691,0.00708939226050916,0.0337036310204963
"Bumblebees","Buffer",2011,16,0.019968570058511,0.00859462736560393,0.0345808544264977
"Bumblebees","Buffer",2012,16,0.0251039879998527,0.0144280888473263,0.0387245628780694
"Bumblebees","Buffer",2013,16,0.0197580954352498,0.0103756407785165,0.0330872129024166
"Bumblebees","Buffer",2014,16,0.0170553903296659,0.00844908898528477,0.0290559794478105
"Bumblebees","Buffer",2015,16,0.014012797071988,0.00665496917602646,0.0250484550800035
"Bumblebees","Buffer",2016,16,0.0127100457315249,0.00673498990397557,0.0214132195466927
"Bumblebees","Buffer",2017,16,0.0157000003575444,0.00941289665291052,0.0234170917142781
"Bumblebees","Buffer",2018,16,0.0304228662910761,0.0202126143084049,0.0422445481718396
"Bumblebees","Buffer",2019,16,0.0314096367140321,0.0162125813913772,0.0494296753182675
"Bumblebees","Buffer",2020,16,0.0313467765635489,0.0158975026871556,0.052678801986497
"Bumblebees","Buffer",2021,16,0.0218634496352784,0.00805655890694484,0.0497588903193877
"Bumblebees","Buffer",2022,16,0.0231545231942001,0.00917682654366932,0.049590394065029
"Bumblebees","Buffer",2023,16,0.0185149351724599,0.00580328309202654,0.0466358169481506
"Bumblebees","Outside",2000,16,0.00281197918042991,0.00061800243809628,0.0119114550002785
"Bumblebees","Outside",2001,16,0.00318529751336249,0.000698386775865119,0.0129267220024134
"Bumblebees","Outside",2002,16,0.00374732167120672,0.000746788161416354,0.0139732045927792
"Bumblebees","Outside",2003,16,0.00452031370518467,0.00106976548162252,0.0147154660982542
"Bumblebees","Outside",2004,16,0.00509336477727387,0.00129121409494201,0.0152028376826437
"Bumblebees","Outside",2005,16,0.00610195219911928,0.00165916918646027,0.0172172684840182
"Bumblebees","Outside",2006,16,0.00714884318282645,0.00220967919782475,0.0187891569235113
"Bumblebees","Outside",2007,16,0.00756051336257503,0.00239762884634704,0.0207572542082674
"Bumblebees","Outside",2008,16,0.00941394199717442,0.00323867125755188,0.022704146681663
"Bumblebees","Outside",2009,16,0.0127029480816064,0.00493285269130077,0.0251160863497012
"Bumblebees","Outside",2010,16,0.015528030558334,0.00690845923583213,0.0297590274549316
"Bumblebees","Outside",2011,16,0.0202848878018347,0.00888329028956603,0.0373247421502879
"Bumblebees","Outside",2012,16,0.0260157411504303,0.0150067332586836,0.0418825779625618
"Bumblebees","Outside",2013,16,0.0255289972902798,0.0110463723365628,0.0438602350704032
"Bumblebees","Outside",2014,16,0.0226506080089349,0.0113519267116371,0.0378826677765945
"Bumblebees","Outside",2015,16,0.020198598115552,0.00877195172025769,0.0360446358904315
"Bumblebees","Outside",2016,16,0.0237226066498475,0.0122896751654804,0.0398123538385648
"Bumblebees","Outside",2017,16,0.0250208161609104,0.0146381216825429,0.0361463397224803
"Bumblebees","Outside",2018,16,0.0337381984862144,0.0223302461174278,0.0464500781780947
"Bumblebees","Outside",2019,16,0.0286173166833647,0.0156342851218317,0.0442613990378377
"Bumblebees","Outside",2020,16,0.0271434409541823,0.0131127992575162,0.0431504166596974
"Bumblebees","Outside",2021,16,0.0280212510371321,0.0144879761834398,0.0486144688078922
"Bumblebees","Outside",2022,16,0.0265609289544079,0.012172248128387,0.0475599331528654
"Bumblebees","Outside",2023,16,0.0229320680628848,0.00888516949324866,0.0468169801761776
"Butterflies","Core",2000,205,0.123341469010997,0.100478531843865,0.148744515305808
"Butterflies","Core",2001,205,0.131319603782027,0.108672298410585,0.1583169817686
"Butterflies","Core",2002,205,0.137692762015968,0.112816802598377,0.162243749686661
"Butterflies","Core",2003,205,0.139127187445947,0.115751493031561,0.165196876508764
"Butterflies","Core",2004,205,0.136608507545965,0.113887851570498,0.161321587363819
"Butterflies","Core",2005,205,0.135950054069006,0.114311724828644,0.162316735096746
"Butterflies","Core",2006,205,0.138706253746168,0.116373220306891,0.162374928025146
"Butterflies","Core",2007,205,0.135310771360226,0.11383487879715,0.16085198342029
"Butterflies","Core",2008,205,0.134943602957768,0.114772542808561,0.158552445635854
"Butterflies","Core",2009,205,0.139729594130803,0.118846099505819,0.162915176290788
"Butterflies","Core",2010,205,0.146656957459864,0.127226954479562,0.166783455531909
"Butterflies","Core",2011,205,0.152444572550059,0.135704958998884,0.172891062330883
"Butterflies","Core",2012,205,0.155118476553296,0.136992000415829,0.175587499796173
"Butterflies","Core",2013,205,0.158600374232387,0.140239479105575,0.179626091757105
"Butterflies","Core",2014,205,0.15742593936839,0.138987561470872,0.177036549201797
"Butterflies","Core",2015,205,0.160623532897741,0.142031084740532,0.180212661028098
"Butterflies","Core",2016,205,0.160362213208901,0.143691873185974,0.178315175018558
"Butterflies","Core",2017,205,0.15489458280977,0.137093273357462,0.172881049879643
"Butterflies","Core",2018,205,0.155341981774802,0.138279576527139,0.171529921791013
"Butterflies","Core",2019,205,0.161111852160193,0.143654923182181,0.17942947310218
"Butterflies","Core",2020,205,0.150555855701916,0.131998139775991,0.167343397325957
"Butterflies","Core",2021,205,0.138978581176632,0.121064560803944,0.158710204283993
"Butterflies","Core",2022,205,0.122124691688909,0.105435153296591,0.140644715005743
"Butterflies","Core",2023,205,0.10662976920064,0.0908617838593117,0.12489576307689
"Butterflies","Buffer",2000,205,0.239022234620437,0.211126108053591,0.268844858927535
"Butterflies","Buffer",2001,205,0.24759508149178,0.219149832899456,0.275530738000493
"Butterflies","Buffer",2002,205,0.249293313821757,0.221603131032401,0.275980839900805
"Butterflies","Buffer",2003,205,0.245965425252615,0.221473139827603,0.273905565757655
"Butterflies","Buffer",2004,205,0.242447517347045,0.217570548088295,0.268007910906157
"Butterflies","Buffer",2005,205,0.240425519871423,0.214107654214415,0.26474331964547
"Butterflies","Buffer",2006,205,0.239559824067136,0.217107274833238,0.263878622094375
"Butterflies","Buffer",2007,205,0.236230407475509,0.213840976608882,0.258516566866638
"Butterflies","Buffer",2008,205,0.225403270428863,0.202345557609966,0.245558420814727
"Butterflies","Buffer",2009,205,0.224846837155894,0.205296006977172,0.245334310543252
"Butterflies","Buffer",2010,205,0.219787986485041,0.199726531633479,0.238137607725624
"Butterflies","Buffer",2011,205,0.211029864311797,0.192163800780937,0.228961239172922
"Butterflies","Buffer",2012,205,0.202039184253047,0.185001477236851,0.218741020972735
"Butterflies","Buffer",2013,205,0.202936751586461,0.186906018385104,0.22002313574978
"Butterflies","Buffer",2014,205,0.211319988774705,0.193423085941854,0.226702737090776
"Butterflies","Buffer",2015,205,0.206538213994933,0.191047987020302,0.221688218817856
"Butterflies","Buffer",2016,205,0.204501592344131,0.188793241937865,0.218027914939179
"Butterflies","Buffer",2017,205,0.229543832617524,0.214657938437942,0.244402419120306
"Butterflies","Buffer",2018,205,0.223040826389833,0.207996507487562,0.238366720128352
"Butterflies","Buffer",2019,205,0.227329972812514,0.211261942162855,0.242573837481486
"Butterflies","Buffer",2020,205,0.209433848915168,0.194309719349277,0.226956190622773
"Butterflies","Buffer",2021,205,0.190198472086184,0.174655034194397,0.207600417117909
"Butterflies","Buffer",2022,205,0.153607903617499,0.136995910235604,0.170083092758399
"Butterflies","Buffer",2023,205,0.132477545607271,0.116998683934425,0.149210379639963
"Butterflies","Outside",2000,205,0.280257594672593,0.247847088437244,0.312162212762288
"Butterflies","Outside",2001,205,0.292834440323133,0.263851315916303,0.320302619098207
"Butterflies","Outside",2002,205,0.299085720120127,0.271700047534675,0.326797148859681
"Butterflies","Outside",2003,205,0.302142276629,0.275430245114392,0.327357243716007
"Butterflies","Outside",2004,205,0.301399561452155,0.272031916630919,0.327081125928446
"Butterflies","Outside",2005,205,0.306448067628627,0.282082245321576,0.329628368474817
"Butterflies","Outside",2006,205,0.307922341170125,0.283290610330601,0.329818687808749
"Butterflies","Outside",2007,205,0.288965302856961,0.266444508996891,0.310583031439519
"Butterflies","Outside",2008,205,0.271829159754517,0.249704975143429,0.292110724510924
"Butterflies","Outside",2009,205,0.257004604035716,0.235722134087268,0.276212993031445
"Butterflies","Outside",2010,205,0.236438208108897,0.216738852902901,0.253256923375354
"Butterflies","Outside",2011,205,0.233821978303395,0.216397205222789,0.250339264783315
"Butterflies","Outside",2012,205,0.226214272989188,0.207920163889209,0.243047256413507
"Butterflies","Outside",2013,205,0.217126159721668,0.198492946006617,0.234359713230571
"Butterflies","Outside",2014,205,0.225072557383847,0.206910526507263,0.242683385302798
"Butterflies","Outside",2015,205,0.224872383329131,0.206051009284468,0.242956686082505
"Butterflies","Outside",2016,205,0.230348054464494,0.211487359483113,0.245883515464968
"Butterflies","Outside",2017,205,0.252019949134676,0.232348207082352,0.268100093033577
"Butterflies","Outside",2018,205,0.25485114383799,0.236297838692661,0.271577877218786
"Butterflies","Outside",2019,205,0.258052941652939,0.239520094497596,0.274717759097554
"Butterflies","Outside",2020,205,0.257823355685407,0.237986012592136,0.274694914316437
"Butterflies","Outside",2021,205,0.226651203139322,0.20883142754412,0.24345390801229
"Butterflies","Outside",2022,205,0.185892862647412,0.170351153032904,0.200949364962635
"Butterflies","Outside",2023,205,0.167400561691009,0.149590933057154,0.185280988759273
"Honey Bees","Core",2000,1,0.00333656785286829,1.47091075410533e-05,0.035181838007946
"Honey Bees","Core",2001,1,0.00392201276049058,3.36550288095766e-05,0.0287067501939356
"Honey Bees","Core",2002,1,0.00447960674624612,6.97642386762359e-05,0.0266961676016305
"Honey Bees","Core",2003,1,0.00472557653308686,0.000134982059039049,0.0246901805826577
"Honey Bees","Core",2004,1,0.00568599119527932,0.000271188185172216,0.0262825631080003
"Honey Bees","Core",2005,1,0.00591510360771618,0.000272764675120544,0.0316214551301807
"Honey Bees","Core",2006,1,0.00746723192286548,0.000522428433110919,0.033307875255601
"Honey Bees","Core",2007,1,0.0107496561765773,0.00139819112716647,0.0392396184258138
"Honey Bees","Core",2008,1,0.0102813873734642,0.00128199402588018,0.0348994338384754
"Honey Bees","Core",2009,1,0.0106862910970179,0.00177101095543494,0.0347371867089103
"Honey Bees","Core",2010,1,0.0130824835542096,0.00364562181049977,0.0310530618201716
"Honey Bees","Core",2011,1,0.0135275001262342,0.00545656113688813,0.0278526352785917
"Honey Bees","Core",2012,1,0.00980116687468464,0.00284059863202389,0.0229281502851461
"Honey Bees","Core",2013,1,0.0161624118712674,0.00780920201353234,0.0314318660206691
"Honey Bees","Core",2014,1,0.0160531529582372,0.0072292187351638,0.0294071302666114
"Honey Bees","Core",2015,1,0.0120334536707018,0.0044718678746838,0.0255944846132549
"Honey Bees","Core",2016,1,0.0132488422483897,0.00612882968921755,0.0252653359658787
"Honey Bees","Core",2017,1,0.0258637646892035,0.0145358320978087,0.0416454423709036
"Honey Bees","Core",2018,1,0.0266018902753144,0.0145248279752273,0.0450289555996294
"Honey Bees","Core",2019,1,0.0465388013267595,0.0243215161512603,0.0771283963126289
"Honey Bees","Core",2020,1,0.0357715617061612,0.0172457740803083,0.0596618004385161
"Honey Bees","Core",2021,1,0.0356919362533149,0.0188381517246552,0.063707116383128
"Honey Bees","Core",2022,1,0.0371084486097095,0.0170862401134832,0.0681642759003125
"Honey Bees","Core",2023,1,0.0492055177993931,0.0226774876285654,0.0908517299093398
"Honey Bees","Buffer",2000,1,0.00520072196436135,7.69464520060618e-05,0.0359013836071942
"Honey Bees","Buffer",2001,1,0.00483147633632034,0.000115025336623863,0.0325642994909437
"Honey Bees","Buffer",2002,1,0.00513885570356326,0.000146021714230342,0.0285274566188023
"Honey Bees","Buffer",2003,1,0.00623330334073679,0.000301442429675418,0.0292049943207407
"Honey Bees","Buffer",2004,1,0.00744028617944495,0.000447060718502502,0.0335793259685758
"Honey Bees","Buffer",2005,1,0.00951271920556655,0.00113345823952285,0.0336498292524018
"Honey Bees","Buffer",2006,1,0.0137605865076463,0.00238620905723239,0.0416436016676491
"Honey Bees","Buffer",2007,1,0.0200728097591406,0.00546151647337456,0.0512874043174576
"Honey Bees","Buffer",2008,1,0.0224319274761348,0.00588438904462161,0.056059566959387
"Honey Bees","Buffer",2009,1,0.0227317080265159,0.00645391657540477,0.0539880922854787
"Honey Bees","Buffer",2010,1,0.025948198494282,0.0118196173426694,0.0482486405425287
"Honey Bees","Buffer",2011,1,0.0318407114560061,0.018810168296359,0.0474128184823245
"Honey Bees","Buffer",2012,1,0.0378906911068006,0.0235774546869637,0.0569280579367439
"Honey Bees","Buffer",2013,1,0.0349498625579125,0.0225513764855557,0.0510130143653147
"Honey Bees","Buffer",2014,1,0.0511107915429623,0.0348430322640063,0.0712482102872269
"Honey Bees","Buffer",2015,1,0.046664405220438,0.0321530337919803,0.0633687360540225
"Honey Bees","Buffer",2016,1,0.0403812648189871,0.0294480968509878,0.0540234721775765
"Honey Bees","Buffer",2017,1,0.0493497554323287,0.0351847695337605,0.0671016404502546
"Honey Bees","Buffer",2018,1,0.0643990778708997,0.0472365969274898,0.0846896977774894
"Honey Bees","Buffer",2019,1,0.0842964299835462,0.0628457769233938,0.10996408038986
"Honey Bees","Buffer",2020,1,0.0676358596243036,0.0481223428830365,0.0895338546791892
"Honey Bees","Buffer",2021,1,0.0693012877537757,0.0480576781168803,0.0944876040562809
"Honey Bees","Buffer",2022,1,0.0810519150623563,0.0530198766121293,0.114312878957053
"Honey Bees","Buffer",2023,1,0.17858320091091,0.123151434786234,0.245996035173963
"Honey Bees","Outside",2000,1,0.00521885648121549,3.04002302543306e-05,0.0343724430981861
"Honey Bees","Outside",2001,1,0.00520597496476886,7.37590786837092e-05,0.0345127016466248
"Honey Bees","Outside",2002,1,0.00540780793357781,0.000165167605616914,0.0322492327224266
"Honey Bees","Outside",2003,1,0.00656659192360528,0.000266833357329995,0.0335273445378464
"Honey Bees","Outside",2004,1,0.00804035512737033,0.00061005193429226,0.0327809550099662
"Honey Bees","Outside",2005,1,0.00976391882607962,0.00120367434165682,0.0365957537992533
"Honey Bees","Outside",2006,1,0.0122322480586876,0.00185919323736748,0.0419296198786015
"Honey Bees","Outside",2007,1,0.019779578408484,0.00417131606480233,0.0523946561519337
"Honey Bees","Outside",2008,1,0.0329231880376849,0.00956519431860516,0.0768149228523136
"Honey Bees","Outside",2009,1,0.0544524547056663,0.0226513742855843,0.103786778720631
"Honey Bees","Outside",2010,1,0.0720573162667372,0.0447506312266011,0.105112558657546
"Honey Bees","Outside",2011,1,0.0702821835761481,0.0494384898112711,0.0981703607449534
"Honey Bees","Outside",2012,1,0.0670793147277235,0.0475593927702011,0.0878559960817912
"Honey Bees","Outside",2013,1,0.0728304243309774,0.0544622855582748,0.0932398737351151
"Honey Bees","Outside",2014,1,0.0989320164801307,0.0760114531643331,0.12528336168999
"Honey Bees","Outside",2015,1,0.0714570112649501,0.0538307376177175,0.0923053671788436
"Honey Bees","Outside",2016,1,0.0532804838754237,0.0383619723670527,0.0693793940775722
"Honey Bees","Outside",2017,1,0.0561541397770434,0.0413903396379091,0.0736189125105675
"Honey Bees","Outside",2018,1,0.0394469643291271,0.0269200302006227,0.0548207552935875
"Honey Bees","Outside",2019,1,0.0445758931205116,0.030267684093731,0.0618134530056049
"Honey Bees","Outside",2020,1,0.0681810597396494,0.052109739428976,0.0885497099209537
"Honey Bees","Outside",2021,1,0.102961548011858,0.0791666132507671,0.131308096710375
"Honey Bees","Outside",2022,1,0.125724304403459,0.0930781578552156,0.159699425259206
"Honey Bees","Outside",2023,1,0.155280976840644,0.110736033650794,0.207657288879521
"Hoverflies","Core",2000,18,0.0109452879949661,0.00257351024031395,0.0373333447340095
"Hoverflies","Core",2001,18,0.0118547514799952,0.00309119291595898,0.0357245448320756
"Hoverflies","Core",2002,18,0.0129062932344873,0.00357529541548585,0.0369947240598044
"Hoverflies","Core",2003,18,0.0154474447713039,0.00440118228603674,0.0428611987892205
"Hoverflies","Core",2004,18,0.0213651134073502,0.00725337256224428,0.0541244387301131
"Hoverflies","Core",2005,18,0.0276261189716061,0.00989378779663323,0.064942400662477
"Hoverflies","Core",2006,18,0.0410152141200194,0.0161711755367174,0.0804973456137788
"Hoverflies","Core",2007,18,0.0416237748326287,0.0162461549335245,0.0802232081218172
"Hoverflies","Core",2008,18,0.0457966853225904,0.0192587138481187,0.0790372680879018
"Hoverflies","Core",2009,18,0.0512616653095043,0.0258565197493277,0.087745728498468
"Hoverflies","Core",2010,18,0.0682586871794996,0.0401781723305604,0.100817823028275
"Hoverflies","Core",2011,18,0.056144433132958,0.033343273371746,0.0882542909973556
"Hoverflies","Core",2012,18,0.0647651313755158,0.0382682806794271,0.0991039836537255
"Hoverflies","Core",2013,18,0.0766788950424959,0.0511140100205677,0.105866277334151
"Hoverflies","Core",2014,18,0.0627640975815716,0.0389091705908948,0.0883571905354801
"Hoverflies","Core",2015,18,0.0411531237776887,0.0217177684677906,0.0664170199142272
"Hoverflies","Core",2016,18,0.0281674218821535,0.0106728434449882,0.0498491711009812
"Hoverflies","Core",2017,18,0.0217987910727269,0.00789896513342331,0.0457601367141675
"Hoverflies","Core",2018,18,0.0275309191516387,0.0111548880247229,0.0502982497257494
"Hoverflies","Core",2019,18,0.0365884841136775,0.0148403727847898,0.0595916134986921
"Hoverflies","Core",2020,18,0.0533311904979144,0.0287159133473246,0.079214014820842
"Hoverflies","Core",2021,18,0.0469337531912362,0.0259582013123711,0.0756027964199203
"Hoverflies","Core",2022,18,0.0581701962785086,0.0325049222571247,0.0905955261406181
"Hoverflies","Core",2023,18,0.0590815333462988,0.0316204528808453,0.0921490427873233
"Hoverflies","Buffer",2000,18,0.00743246281716824,0.0018018705275926,0.0253567828043716
"Hoverflies","Buffer",2001,18,0.00875531386814161,0.00225936877769015,0.0288938701543428
"Hoverflies","Buffer",2002,18,0.00848552366670761,0.00244216999262707,0.0259064480488639
"Hoverflies","Buffer",2003,18,0.00944734747455107,0.00265217874271961,0.0263963299224345
"Hoverflies","Buffer",2004,18,0.0105779479627577,0.00310053726714183,0.0293879702005882
"Hoverflies","Buffer",2005,18,0.0126823838451288,0.00360897811525533,0.0313704571222935
"Hoverflies","Buffer",2006,18,0.0145770890682144,0.00461538369206196,0.0352782836231736
"Hoverflies","Buffer",2007,18,0.0196552678495099,0.00774410771032991,0.0434486270519259
"Hoverflies","Buffer",2008,18,0.0276327112690957,0.0112675247684461,0.0549805495180481
"Hoverflies","Buffer",2009,18,0.0368150043138888,0.0178767693919127,0.0658923608292102
"Hoverflies","Buffer",2010,18,0.0547610386583566,0.0291833212514915,0.092939779200399
"Hoverflies","Buffer",2011,18,0.0719507854927519,0.0429314424838188,0.108311068721964
"Hoverflies","Buffer",2012,18,0.0482014251058047,0.0257059135936801,0.0756055302868588
"Hoverflies","Buffer",2013,18,0.0399696221871716,0.0202485576713863,0.0668607615927343
"Hoverflies","Buffer",2014,18,0.0298582052375574,0.0158692228392638,0.0498191911951934
"Hoverflies","Buffer",2015,18,0.0253668368112173,0.0131937573065601,0.0451509452823433
"Hoverflies","Buffer",2016,18,0.0285798739444138,0.0153711108636745,0.0496639415952371
"Hoverflies","Buffer",2017,18,0.0332101427986975,0.0184068258670916,0.055812020970577
"Hoverflies","Buffer",2018,18,0.0509022897000041,0.0280175783161578,0.0806551450642812
"Hoverflies","Buffer",2019,18,0.0790231182858338,0.0492357241182338,0.118125364101908
"Hoverflies","Buffer",2020,18,0.0869419862303243,0.0526092547205638,0.122857289783827
"Hoverflies","Buffer",2021,18,0.0834233481915368,0.0488806215806464,0.12318948554765
"Hoverflies","Buffer",2022,18,0.0855515774784927,0.0500416855177611,0.131425941069525
"Hoverflies","Buffer",2023,18,0.0904934634862018,0.0522523504774174,0.143124460029172
"Hoverflies","Outside",2000,18,0.00885835335588331,0.0025443576643984,0.0265733498041413
"Hoverflies","Outside",2001,18,0.00936587171191445,0.00285987213755293,0.0288560961642946
"Hoverflies","Outside",2002,18,0.00931622032367246,0.00285122784898471,0.0283725055125062
"Hoverflies","Outside",2003,18,0.0102400801351031,0.00280402828444268,0.0281437517002073
"Hoverflies","Outside",2004,18,0.0119315589151435,0.00365628338619805,0.0309817602884403
"Hoverflies","Outside",2005,18,0.0134773253719463,0.00431005989662132,0.0321828295972935
"Hoverflies","Outside",2006,18,0.0153321311020517,0.00511474718980924,0.0348630557533906
"Hoverflies","Outside",2007,18,0.0180626318058212,0.00747525580755168,0.0384813147242516
"Hoverflies","Outside",2008,18,0.0233317090803554,0.0105171551963049,0.0456345959360787
"Hoverflies","Outside",2009,18,0.0307322521295118,0.0144699242555514,0.054613822341854
"Hoverflies","Outside",2010,18,0.0361883027929761,0.0173556322858264,0.0600858922788279
"Hoverflies","Outside",2011,18,0.0582955655196386,0.0349159912983202,0.0860040426757271
"Hoverflies","Outside",2012,18,0.0648866388978478,0.039606939796054,0.0946441730108784
"Hoverflies","Outside",2013,18,0.077929574468997,0.0480319066742173,0.10936997544583
"Hoverflies","Outside",2014,18,0.0628777396772012,0.0380477331332027,0.0964495764920216
"Hoverflies","Outside",2015,18,0.0606876690668589,0.0337141561969025,0.0897630460456168
"Hoverflies","Outside",2016,18,0.0560268728974511,0.0317405546310601,0.0890827553040521
"Hoverflies","Outside",2017,18,0.0530007790910526,0.0280093561436855,0.0815770239256355
"Hoverflies","Outside",2018,18,0.0596526813250918,0.0351694698219477,0.0875847266311305
"Hoverflies","Outside",2019,18,0.0682498459134451,0.0399359681417984,0.0990525845687
"Hoverflies","Outside",2020,18,0.0798809810824444,0.0500568843241004,0.113346680167476
"Hoverflies","Outside",2021,18,0.0985733893613198,0.0637120882555635,0.135189720460945
"Hoverflies","Outside",2022,18,0.105121161607389,0.0643400270923356,0.148510484607375
"Hoverflies","Outside",2023,18,0.119878140690811,0.0755710111150533,0.177090364307863
"Micro Wasps","Core",2000,1,0.000659359815596199,1e-06,0.469575248758529
"Micro Wasps","Core",2001,1,0.00113809778263222,1e-06,0.429263347022825
"Micro Wasps","Core",2002,1,0.000683151532046214,1e-06,0.448895671812807
"Micro Wasps","Core",2003,1,0.000724131933107129,1e-06,0.382530723398903
"Micro Wasps","Core",2004,1,0.00079777136690252,1e-06,0.381999459647597
"Micro Wasps","Core",2005,1,0.00141962300925328,1e-06,0.32403832984195
"Micro Wasps","Core",2006,1,0.00237510682204305,1e-06,0.272039065175331
"Micro Wasps","Core",2007,1,0.00219305577395038,1e-06,0.230184211277056
"Micro Wasps","Core",2008,1,0.00148742881574149,1e-06,0.23161985559727
"Micro Wasps","Core",2009,1,0.00199523048311024,1e-06,0.266603433451473
"Micro Wasps","Core",2010,1,0.00191189618074722,1e-06,0.305472887094312
"Micro Wasps","Core",2011,1,0.000998558276792042,1e-06,0.436781094197696
"Micro Wasps","Core",2012,1,0.00126549065905536,1e-06,0.362961863969721
"Micro Wasps","Core",2013,1,0.00230489011423448,1e-06,0.347306817550118
"Micro Wasps","Core",2014,1,0.00257031902535568,1e-06,0.397052713799978
"Micro Wasps","Core",2015,1,0.00438366529849958,1e-06,0.418479708391371
"Micro Wasps","Core",2016,1,0.00437138145659874,1e-06,0.397925127706657
"Micro Wasps","Core",2017,1,0.0163097241600909,1e-06,0.404805699585861
"Micro Wasps","Core",2018,1,0.050521100026088,5.80650258370638e-06,0.510630123900037
"Micro Wasps","Core",2019,1,0.194868431339681,0.00103429321189766,0.836822171753793
"Micro Wasps","Core",2020,1,0.338684971462109,0.00611332553271106,0.930251946800185
"Micro Wasps","Core",2021,1,0.334144758943824,0.0101771628383892,0.921435424888228
"Micro Wasps","Core",2022,1,0.350085628865476,0.0123701487597267,0.928542429396952
"Micro Wasps","Core",2023,1,0.283187639802196,0.00363461820166839,0.908269718404019
"Micro Wasps","Buffer",2000,1,0.0311312021008793,1e-06,0.882806611398088
"Micro Wasps","Buffer",2001,1,0.0415791138112735,1e-06,0.869647160404581
"Micro Wasps","Buffer",2002,1,0.0546544430058357,1e-06,0.879238035171885
"Micro Wasps","Buffer",2003,1,0.0680753986773028,1e-06,0.856764403208872
"Micro Wasps","Buffer",2004,1,0.0722546339751639,6.87166300109597e-06,0.870804247435977
"Micro Wasps","Buffer",2005,1,0.119187320811115,1.32369957701836e-05,0.867118615808667
"Micro Wasps","Buffer",2006,1,0.149795728578197,0.000117892495524346,0.877914380277127
"Micro Wasps","Buffer",2007,1,0.249984135193336,0.00243616706808436,0.875978231574329
"Micro Wasps","Buffer",2008,1,0.243476842466687,0.00200172588377156,0.913037549871724
"Micro Wasps","Buffer",2009,1,0.278856914205556,0.00270450149480015,0.902924622972932
"Micro Wasps","Buffer",2010,1,0.210865024700386,0.00043885215547612,0.888925076671912
"Micro Wasps","Buffer",2011,1,0.156894366629602,0.0006398038501032,0.808453191734599
"Micro Wasps","Buffer",2012,1,0.0947485637144984,7.15874498724137e-05,0.715105903139638
"Micro Wasps","Buffer",2013,1,0.0711625584780304,6.23499158249454e-05,0.715809566739543
"Micro Wasps","Buffer",2014,1,0.086522127179949,7.48291007855098e-05,0.674463422496594
"Micro Wasps","Buffer",2015,1,0.150717613151739,0.00059153445660425,0.85912826376051
"Micro Wasps","Buffer",2016,1,0.220073328099433,0.000989538992849844,0.90180265624107
"Micro Wasps","Buffer",2017,1,0.385303178450198,0.0098057454699683,0.947218998472802
"Micro Wasps","Buffer",2018,1,0.314589000553684,0.00165561128025471,0.93959817832782
"Micro Wasps","Buffer",2019,1,0.228227608040269,0.000559880166452068,0.977022619270501
"Micro Wasps","Buffer",2020,1,0.249459235208189,0.000419803350177106,0.979482389092254
"Micro Wasps","Buffer",2021,1,0.44263015439527,0.0040515448286619,0.983906388537126
"Micro Wasps","Buffer",2022,1,0.580786974742699,0.04164622753578,0.990726479818091
"Micro Wasps","Buffer",2023,1,0.700481490258394,0.0864137478338349,0.997302906389553
"Micro Wasps","Outside",2000,1,0.0242040685955885,1e-06,0.650452128621319
"Micro Wasps","Outside",2001,1,0.0195622304015129,1e-06,0.632653830532265
"Micro Wasps","Outside",2002,1,0.0260028566116912,1e-06,0.610270569780351
"Micro Wasps","Outside",2003,1,0.0192641214704744,1e-06,0.66813149681601
"Micro Wasps","Outside",2004,1,0.0258596720762506,1e-06,0.594263466490283
"Micro Wasps","Outside",2005,1,0.0418701221982071,1.67022586334597e-05,0.596011102354834
"Micro Wasps","Outside",2006,1,0.0628497600398275,9.14010613136186e-06,0.652957385541257
"Micro Wasps","Outside",2007,1,0.0862789759861521,8.26832400768691e-05,0.7302046001836
"Micro Wasps","Outside",2008,1,0.132429668644758,0.000896483191752368,0.747341336423093
"Micro Wasps","Outside",2009,1,0.137369206352815,0.000824089219685026,0.708147040463409
"Micro Wasps","Outside",2010,1,0.123210768583534,0.000854178969003064,0.71740777450655
"Micro Wasps","Outside",2011,1,0.141797042568531,0.00154212167163346,0.706447841530838
"Micro Wasps","Outside",2012,1,0.11488749900408,0.00103048947148187,0.566293970109413
"Micro Wasps","Outside",2013,1,0.0686042162588007,0.000131202581407036,0.5374446323271
"Micro Wasps","Outside",2014,1,0.0556013063636005,7.45290216686162e-05,0.487535963008619
"Micro Wasps","Outside",2015,1,0.0562082921717974,7.27299515662356e-05,0.452368567582687
"Micro Wasps","Outside",2016,1,0.0811381198706094,0.000401472290586819,0.564397079039323
"Micro Wasps","Outside",2017,1,0.0717277206986474,0.000240085784071532,0.489528943267247
"Micro Wasps","Outside",2018,1,0.127471293160887,0.00345782470537429,0.544277095710969
"Micro Wasps","Outside",2019,1,0.154132096693883,0.00316258215989283,0.63084572812433
"Micro Wasps","Outside",2020,1,0.250287954359298,0.0081821247804257,0.772550974772233
"Micro Wasps","Outside",2021,1,0.350173254739225,0.0232640233046245,0.877717450191229
"Micro Wasps","Outside",2022,1,0.476037910925972,0.045085575336125,0.949751630577073
"Micro Wasps","Outside",2023,1,0.493107245577425,0.0475489384739825,0.949126458599936
"Moths","Core",2000,327,0.0920856139649416,0.0733532549123472,0.111488014882303
"Moths","Core",2001,327,0.0870363030724077,0.0708183304753188,0.105912685879266
"Moths","Core",2002,327,0.0819113934756447,0.0661578564815577,0.0994474802697209
"Moths","Core",2003,327,0.085486206232249,0.0698227032758161,0.103061617095352
"Moths","Core",2004,327,0.0855103129424143,0.0685676735503608,0.102150193146067
"Moths","Core",2005,327,0.0841609416415094,0.0691763834608634,0.10292914307429
"Moths","Core",2006,327,0.0754159707157876,0.0608412746500174,0.0933519081717574
"Moths","Core",2007,327,0.0682326298477437,0.0552136446746446,0.083673573397213
"Moths","Core",2008,327,0.0615379056300215,0.048945750479602,0.0761473459799637
"Moths","Core",2009,327,0.0548651233326496,0.0441404994434083,0.0672170073771472
"Moths","Core",2010,327,0.0512714741524411,0.0412674458856163,0.0637962884962647
"Moths","Core",2011,327,0.0469734351459411,0.0385410892154297,0.0569022788459188
"Moths","Core",2012,327,0.0430879359583874,0.0347294781054317,0.0525015170236503
"Moths","Core",2013,327,0.0408494975407909,0.0327093162567981,0.0495177890336104
"Moths","Core",2014,327,0.0399872447789242,0.0323851505999056,0.0482491142348359
"Moths","Core",2015,327,0.0414935318512461,0.034034565554934,0.051221520858835
"Moths","Core",2016,327,0.0415911115661786,0.0336444269166905,0.0503118104105429
"Moths","Core",2017,327,0.0387560601924288,0.0318778494051191,0.0475394172452795
"Moths","Core",2018,327,0.0404707441048944,0.0331159993654517,0.0492319737231453
"Moths","Core",2019,327,0.0472555149300514,0.0391135181827356,0.0575061084246348
"Moths","Core",2020,327,0.0622647454814416,0.0519098565934926,0.0735540550399969
"Moths","Core",2021,327,0.0433124798607876,0.0354438036038443,0.052777693448635
"Moths","Core",2022,327,0.0348377011499745,0.0270068681786841,0.0429706774780283
"Moths","Core",2023,327,0.0270769801724373,0.0207077540729067,0.0352079091945899
"Moths","Buffer",2000,327,0.182867845044803,0.155903107048338,0.210031318370858
"Moths","Buffer",2001,327,0.189130477267896,0.162836543162398,0.216801292699723
"Moths","Buffer",2002,327,0.194074816994904,0.167431680244997,0.221090109968975
"Moths","Buffer",2003,327,0.205620274388113,0.181578637014049,0.231822453218625
"Moths","Buffer",2004,327,0.219414866960007,0.194730061873736,0.245313249004827
"Moths","Buffer",2005,327,0.220582180711705,0.19587072236953,0.244392904255205
"Moths","Buffer",2006,327,0.206011779697599,0.183418786192135,0.230415212785733
"Moths","Buffer",2007,327,0.195216550697829,0.171483606645599,0.217263281289571
"Moths","Buffer",2008,327,0.174926258335916,0.155368325948766,0.197503647611334
"Moths","Buffer",2009,327,0.150320276667982,0.131973453384763,0.170018813616164
"Moths","Buffer",2010,327,0.131377521765331,0.116232026865112,0.149946300031593
"Moths","Buffer",2011,327,0.122535479550702,0.106851492948919,0.138828371287112
"Moths","Buffer",2012,327,0.121081599678113,0.104473583188357,0.136857189912685
"Moths","Buffer",2013,327,0.124327812193965,0.107843002479937,0.140122561804886
"Moths","Buffer",2014,327,0.132967463458041,0.117376042998786,0.148995875872915
"Moths","Buffer",2015,327,0.136570382327507,0.120993845915571,0.152922606603741
"Moths","Buffer",2016,327,0.140951953510564,0.12510425987208,0.157013419392831
"Moths","Buffer",2017,327,0.139942918232568,0.124621285402829,0.156223013817537
"Moths","Buffer",2018,327,0.143627809052068,0.128063027130076,0.159699440326102
"Moths","Buffer",2019,327,0.1398976047958,0.124132004885807,0.155483674891692
"Moths","Buffer",2020,327,0.118392385719765,0.103512164713516,0.13392716704504
"Moths","Buffer",2021,327,0.0996091991795915,0.0855999869430888,0.114461023685764
"Moths","Buffer",2022,327,0.0905913355748177,0.0760499694396865,0.103982957018647
"Moths","Buffer",2023,327,0.0839973986392418,0.0703742499273126,0.0978788188010923
"Moths","Outside",2000,327,0.132943750595835,0.112994468392673,0.157145513040821
"Moths","Outside",2001,327,0.13442493009212,0.115967758399834,0.156088088231424
"Moths","Outside",2002,327,0.136146641862234,0.116732995721482,0.15645699904499
"Moths","Outside",2003,327,0.141127218895588,0.122361677784135,0.161152537435685
"Moths","Outside",2004,327,0.144111976122992,0.12521310915235,0.1633113402044
"Moths","Outside",2005,327,0.139391093797506,0.121942066870651,0.159314969258346
"Moths","Outside",2006,327,0.134814881991732,0.11746449086887,0.152164077432602
"Moths","Outside",2007,327,0.140430235361249,0.123346393523248,0.158397090349425
"Moths","Outside",2008,327,0.138365712218806,0.119976321963152,0.155935328134771
"Moths","Outside",2009,327,0.132024513256614,0.116981808541419,0.149636330397455
"Moths","Outside",2010,327,0.113438855588536,0.0988625692045245,0.126644870532788
"Moths","Outside",2011,327,0.0982078172470194,0.085548108673372,0.111625208925003
"Moths","Outside",2012,327,0.0890129674087146,0.0776130573293655,0.101722292095092
"Moths","Outside",2013,327,0.0894212862311347,0.0772559036335591,0.101454351327833
"Moths","Outside",2014,327,0.0819085485969882,0.0719815892590391,0.0931672893200876
"Moths","Outside",2015,327,0.0785124258349185,0.0683795723904173,0.0890985690975621
"Moths","Outside",2016,327,0.085370975525092,0.0752421351395491,0.0963062715097246
"Moths","Outside",2017,327,0.0826913502842823,0.0730172159767713,0.0929891642150471
"Moths","Outside",2018,327,0.0773017602795321,0.0684641075308079,0.0869835071348738
"Moths","Outside",2019,327,0.0817856088221702,0.0725000636112582,0.0916757073161278
"Moths","Outside",2020,327,0.0778121003119727,0.0683355080161639,0.0880644820148664
"Moths","Outside",2021,327,0.0752333330548219,0.0654628361518184,0.0847838329815221
"Moths","Outside",2022,327,0.0767756396729938,0.0656525259938132,0.0881968939728434
"Moths","Outside",2023,327,0.072305427928645,0.0616612688347513,0.0848205344611584
"Other Flies","Core",2000,4,0.00312156205467468,9.58401125971189e-05,0.0601248302590999
"Other Flies","Core",2001,4,0.00359675671445143,0.000140901381064486,0.063942703350118
"Other Flies","Core",2002,4,0.00369531891378974,0.00011246597275631,0.0590876423937155
"Other Flies","Core",2003,4,0.00333370063666377,0.000102262448791168,0.058221378076616
"Other Flies","Core",2004,4,0.00326184701080211,0.000119679403203084,0.0477411610668025
"Other Flies","Core",2005,4,0.00384486031190455,0.000114317828364108,0.0502192451930662
"Other Flies","Core",2006,4,0.00440155688155189,0.000157911876519648,0.0427549681162426
"Other Flies","Core",2007,4,0.00304400407242015,8.72649611259563e-05,0.0405650395699849
"Other Flies","Core",2008,4,0.00245919935225175,6.08436854597636e-05,0.0383166377056492
"Other Flies","Core",2009,4,0.00210153715073734,5.86086365999901e-05,0.0379335218257248
"Other Flies","Core",2010,4,0.00224714745972783,7.76303529853074e-05,0.0390744987801599
"Other Flies","Core",2011,4,0.00201484770387138,9.03745459601444e-05,0.0355582555215828
"Other Flies","Core",2012,4,0.00113622795582151,5.75023121281418e-05,0.0231977247069405
"Other Flies","Core",2013,4,0.00088623905023377,5.51898900479539e-05,0.0198861267330863
"Other Flies","Core",2014,4,0.00078426118091167,4.19147989664879e-05,0.0177359337073858
"Other Flies","Core",2015,4,0.000784322261257172,4.83423872767601e-05,0.017996884359082
"Other Flies","Core",2016,4,0.000737042804548758,6.53876950693495e-05,0.0177263263467095
"Other Flies","Core",2017,4,0.000855455890289928,9.96991299564318e-05,0.0186782513528895
"Other Flies","Core",2018,4,0.00127992862090918,0.00014981596270207,0.02518414722586
"Other Flies","Core",2019,4,0.00198179937910365,0.000400058585338217,0.037853660737312
"Other Flies","Core",2020,4,0.00188138155028779,0.000339238909693298,0.0324944167239392
"Other Flies","Core",2021,4,0.00241407750282629,0.00034759261258405,0.0403524131394005
"Other Flies","Core",2022,4,0.00286139690932215,0.000585692344808164,0.0478911370239485
"Other Flies","Core",2023,4,0.00281482966650332,0.000388522477331301,0.0513254694852706
"Other Flies","Buffer",2000,4,0.00671758389941035,0.000361787868093546,0.05415363315798
"Other Flies","Buffer",2001,4,0.00807220807547885,0.000693004656731937,0.0491037120850789
"Other Flies","Buffer",2002,4,0.0111214814302717,0.00119946981893866,0.0454126272718645
"Other Flies","Buffer",2003,4,0.0104030981274958,0.00134931407017309,0.0437432777645445
"Other Flies","Buffer",2004,4,0.00906740797281666,0.00111420755741272,0.0401554031519471
"Other Flies","Buffer",2005,4,0.00871200242362156,0.00124022802417825,0.0378125412557016
"Other Flies","Buffer",2006,4,0.0100011862989097,0.00121592223887794,0.0424027589801134
"Other Flies","Buffer",2007,4,0.00736391581778062,0.000602154219738524,0.0379795842642706
"Other Flies","Buffer",2008,4,0.00645097259782673,0.000530873759177451,0.0362648714805521
"Other Flies","Buffer",2009,4,0.00493319958271046,0.000299883280471783,0.0290261249007421
"Other Flies","Buffer",2010,4,0.00514166040437997,0.000494773228235883,0.026244100459858
"Other Flies","Buffer",2011,4,0.0030879542208067,0.000275012679522192,0.0211776191463055
"Other Flies","Buffer",2012,4,0.00338302255218397,0.000378794134255365,0.0240732849936068
"Other Flies","Buffer",2013,4,0.00389354932932546,0.000400063227761264,0.0217553292263378
"Other Flies","Buffer",2014,4,0.00359418709912475,0.000387954137831838,0.0194283032314284
"Other Flies","Buffer",2015,4,0.00307427475911362,0.000464434957311335,0.0179792298118359
"Other Flies","Buffer",2016,4,0.00298502745012208,0.000502549130949867,0.0204567399097585
"Other Flies","Buffer",2017,4,0.003200271925156,0.000724132488075406,0.0212967184457127
"Other Flies","Buffer",2018,4,0.00365698356894773,0.00074790224635642,0.024945754894994
"Other Flies","Buffer",2019,4,0.00381412970665653,0.000919365022553424,0.028273362568908
"Other Flies","Buffer",2020,4,0.00372755216195242,0.000787025903204679,0.0260992269301697
"Other Flies","Buffer",2021,4,0.0034531683254862,0.000846282682716541,0.0266115907111007
"Other Flies","Buffer",2022,4,0.00415209983641017,0.00092351717264933,0.0296928982654015
"Other Flies","Buffer",2023,4,0.00381747837370135,0.000992040728843777,0.0352421469009241
"Other Flies","Outside",2000,4,0.00373664063350484,0.000125074818126933,0.0459909322782946
"Other Flies","Outside",2001,4,0.00528836430531826,0.000223478891518294,0.0386847035569702
"Other Flies","Outside",2002,4,0.00739605686378764,0.000455049082493219,0.0392219880832265
"Other Flies","Outside",2003,4,0.00936866281949475,0.000673679579480624,0.0423071951268051
"Other Flies","Outside",2004,4,0.00935801107875638,0.000803502354577686,0.0480892104780545
"Other Flies","Outside",2005,4,0.0110275705645299,0.0011727848630798,0.0430919621311218
"Other Flies","Outside",2006,4,0.0145236078720638,0.0022033690004672,0.0475295883432487
"Other Flies","Outside",2007,4,0.0129533497524256,0.00138042460167997,0.0498197272051113
"Other Flies","Outside",2008,4,0.0121777343917344,0.00109877408150041,0.051749805458882
"Other Flies","Outside",2009,4,0.0128148977304342,0.00108049821226531,0.0587989367892609
"Other Flies","Outside",2010,4,0.00678441800876059,0.000826354023090287,0.0771331501510152
"Other Flies","Outside",2011,4,0.00688773941373027,0.00119156409046733,0.0768935199642989
"Other Flies","Outside",2012,4,0.00539054725090775,0.00103539939547068,0.0694465448377572
"Other Flies","Outside",2013,4,0.00784597929241146,0.00102861600429471,0.0598505479595431
"Other Flies","Outside",2014,4,0.0111336792526791,0.00109500072208625,0.0630434112840238
"Other Flies","Outside",2015,4,0.0126062144233004,0.00133903623679238,0.0608337475272194
"Other Flies","Outside",2016,4,0.0131387904907469,0.00158908336638639,0.0550501363916785
"Other Flies","Outside",2017,4,0.0104571391859323,0.0013461831864401,0.0450534129806563
"Other Flies","Outside",2018,4,0.0101545250552067,0.00138284823634837,0.0415379216891438
"Other Flies","Outside",2019,4,0.00978105689567359,0.00120606963120358,0.0412012538751995
"Other Flies","Outside",2020,4,0.00911450308789989,0.00110998089817396,0.0445175971674494
"Other Flies","Outside",2021,4,0.0129415976732269,0.00133897144007145,0.0519590046507527
"Other Flies","Outside",2022,4,0.0128093408976511,0.00206936584869846,0.0607256218181068
"Other Flies","Outside",2023,4,0.0121263572210466,0.00156538340287863,0.0616007979423629
"Social Wasps","Core",2000,3,0.00197936024085031,1.8660798013157e-05,0.0583773514605512
"Social Wasps","Core",2001,3,0.00241903436897368,3.78855223015986e-05,0.0513865311645436
"Social Wasps","Core",2002,3,0.00349943535648651,5.38893085284454e-05,0.0485837828854648
"Social Wasps","Core",2003,3,0.00397989348758966,7.97479314078852e-05,0.0516756223152293
"Social Wasps","Core",2004,3,0.00462809419088399,0.000100019558213418,0.046859364550615
"Social Wasps","Core",2005,3,0.0049406612211614,0.000103199091581451,0.0546884749752883
"Social Wasps","Core",2006,3,0.00786869211728993,0.000168342943615909,0.0581175522070896
"Social Wasps","Core",2007,3,0.00930098081087478,0.000266126621582264,0.0649909609347787
"Social Wasps","Core",2008,3,0.0133168245910108,0.000509779352111521,0.0737149892956373
"Social Wasps","Core",2009,3,0.0211284112376836,0.00110011594686529,0.0727373182579834
"Social Wasps","Core",2010,3,0.0137541957335994,0.00104984078094519,0.047227555256803
"Social Wasps","Core",2011,3,0.0128816301851509,0.000824803706667958,0.0414572556670471
"Social Wasps","Core",2012,3,0.00969203880659642,0.000490930091103383,0.0385238159102292
"Social Wasps","Core",2013,3,0.0112455141836074,0.000532126904623555,0.0388025763791854
"Social Wasps","Core",2014,3,0.0164421983717393,0.000902072464834195,0.0620108837334738
"Social Wasps","Core",2015,3,0.0191409289711466,0.00086404501295525,0.0654279581318345
"Social Wasps","Core",2016,3,0.0157605482134809,0.000865130229476715,0.0545309945342346
"Social Wasps","Core",2017,3,0.0256942799158001,0.00171163717036773,0.0714426320726316
"Social Wasps","Core",2018,3,0.0327652976977274,0.00504124932356839,0.0823062569843617
"Social Wasps","Core",2019,3,0.062656081461353,0.0156181215039503,0.134909729115545
"Social Wasps","Core",2020,3,0.0791422952288459,0.0222106484868531,0.157412456830689
"Social Wasps","Core",2021,3,0.048363213592092,0.00456866798884408,0.12851707445014
"Social Wasps","Core",2022,3,0.0446388698858619,0.00351377002863423,0.119969678149184
"Social Wasps","Core",2023,3,0.0289103344092303,0.00124509484862303,0.103018002937969
"Social Wasps","Buffer",2000,3,0.0113911012987595,0.000449532954817416,0.0751504121897911
"Social Wasps","Buffer",2001,3,0.0138469379365214,0.000815315089124626,0.0669873762423526
"Social Wasps","Buffer",2002,3,0.0142343614599366,0.00117574681484862,0.0668580057402498
"Social Wasps","Buffer",2003,3,0.0188890951991255,0.00204531354804032,0.070168657058584
"Social Wasps","Buffer",2004,3,0.0217979487233468,0.0023184674769661,0.0774319378581736
"Social Wasps","Buffer",2005,3,0.0294526590625089,0.0062512165791527,0.0881758014041638
"Social Wasps","Buffer",2006,3,0.0427622133970303,0.0103543665803509,0.103460325082678
"Social Wasps","Buffer",2007,3,0.0601364864167885,0.0184220764597211,0.126696914673186
"Social Wasps","Buffer",2008,3,0.0767210979140246,0.0235148279251717,0.150865194896843
"Social Wasps","Buffer",2009,3,0.0806092527661889,0.0250819017957874,0.161845857309433
"Social Wasps","Buffer",2010,3,0.0616193596475443,0.0209858607890574,0.119941392820908
"Social Wasps","Buffer",2011,3,0.0595670172136879,0.0225236683481358,0.108128150885188
"Social Wasps","Buffer",2012,3,0.0581482675170934,0.0212715546336165,0.101072464687123
"Social Wasps","Buffer",2013,3,0.0375170315270663,0.014900211097821,0.0687297487435873
"Social Wasps","Buffer",2014,3,0.0521051851423458,0.0195602323912762,0.10143447771844
"Social Wasps","Buffer",2015,3,0.0830384138088059,0.0326953040991146,0.140359265254818
"Social Wasps","Buffer",2016,3,0.0850006051509734,0.0397365817480476,0.143046566771325
"Social Wasps","Buffer",2017,3,0.104993695269643,0.0505381187677238,0.17352069558988
"Social Wasps","Buffer",2018,3,0.137702241870957,0.0745702926628238,0.208605599059946
"Social Wasps","Buffer",2019,3,0.156777270490087,0.080656182532955,0.24265262822168
"Social Wasps","Buffer",2020,3,0.137672897666478,0.0714091637751543,0.216887903469406
"Social Wasps","Buffer",2021,3,0.134306946729499,0.0595961889085104,0.21408023393251
"Social Wasps","Buffer",2022,3,0.143627010781903,0.0585475896940867,0.232971052489685
"Social Wasps","Buffer",2023,3,0.139154177256237,0.0584173584824121,0.236947118747689
"Social Wasps","Outside",2000,3,0.0227345037995382,0.00128239581134768,0.0956118263978692
"Social Wasps","Outside",2001,3,0.0258940979923194,0.00153809405351923,0.0948073739737344
"Social Wasps","Outside",2002,3,0.0292727086071601,0.00288339054429264,0.0943280763893962
"Social Wasps","Outside",2003,3,0.0310043982597653,0.00478713773393717,0.095834384669364
"Social Wasps","Outside",2004,3,0.034391457717712,0.00573913421467661,0.0877409880426975
"Social Wasps","Outside",2005,3,0.0375826481555946,0.00821253848274131,0.0953296409020248
"Social Wasps","Outside",2006,3,0.0420056810043157,0.00958360353577558,0.0959102649355099
"Social Wasps","Outside",2007,3,0.0433825752705596,0.0112262230454359,0.0962537442022016
"Social Wasps","Outside",2008,3,0.0462647647923398,0.0121573993734392,0.093750306236597
"Social Wasps","Outside",2009,3,0.0563997772243342,0.0189207160962375,0.10531576684711
"Social Wasps","Outside",2010,3,0.0507917440994539,0.0168713138276122,0.0974699809111443
"Social Wasps","Outside",2011,3,0.0512029913355248,0.0171109401212719,0.0930288431056671
"Social Wasps","Outside",2012,3,0.0493486826884874,0.0157149986605162,0.0953402279681218
"Social Wasps","Outside",2013,3,0.0493886567786149,0.0143350723791191,0.0969713058366395
"Social Wasps","Outside",2014,3,0.0582500647879534,0.016805963665343,0.110469781655943
"Social Wasps","Outside",2015,3,0.0851603862516623,0.0307966874891168,0.155215601169678
"Social Wasps","Outside",2016,3,0.109512051420267,0.0532378192413852,0.177418591217461
"Social Wasps","Outside",2017,3,0.101824645314225,0.0397158327821842,0.177682040980274
"Social Wasps","Outside",2018,3,0.118012766590372,0.0465611558575536,0.197074219049058
"Social Wasps","Outside",2019,3,0.14645930818764,0.0756299269125712,0.232358080627265
"Social Wasps","Outside",2020,3,0.170902940913779,0.0909179689365251,0.254600917565898
"Social Wasps","Outside",2021,3,0.167802245326848,0.0888272577025517,0.259219519701542
"Social Wasps","Outside",2022,3,0.162866733289085,0.0793252555982754,0.247787738329113
"Social Wasps","Outside",2023,3,0.144377434314073,0.0661550241703593,0.224315835703336
"Solitary Wasps","Core",2000,2,6.48466423205367e-05,1e-06,0.00781906685885462
"Solitary Wasps","Core",2001,2,8.68232620186002e-05,1e-06,0.00970434540363198
"Solitary Wasps","Core",2002,2,0.000101485560495069,1.13281432241684e-06,0.00916177397537457
"Solitary Wasps","Core",2003,2,9.71455135154838e-05,1.10255123379234e-06,0.00769929944062378
"Solitary Wasps","Core",2004,2,7.48607891108253e-05,1e-06,0.00421043862529254
"Solitary Wasps","Core",2005,2,9.04919345257351e-05,1.10584163847738e-06,0.00673167944963107
"Solitary Wasps","Core",2006,2,9.19499582619036e-05,1.44147764115576e-06,0.00548085032601761
"Solitary Wasps","Core",2007,2,8.17236680822001e-05,1.36443308508184e-06,0.00644317408310056
"Solitary Wasps","Core",2008,2,8.52653106193468e-05,1.76596652262384e-06,0.0045208431513751
"Solitary Wasps","Core",2009,2,9.1666060431849e-05,2.07269949365247e-06,0.00435151042275157
"Solitary Wasps","Core",2010,2,7.84089855022921e-05,2.49167929205278e-06,0.00290666121820169
"Solitary Wasps","Core",2011,2,9.97592485444043e-05,4.05176729556198e-06,0.00495692381697553
"Solitary Wasps","Core",2012,2,0.000104183844813198,4.27362142302368e-06,0.00573107775178613
"Solitary Wasps","Core",2013,2,0.000104814359773073,5.47097533809421e-06,0.00477651741614012
"Solitary Wasps","Core",2014,2,0.000116394744376559,7.0131399831529e-06,0.00408239419144072
"Solitary Wasps","Core",2015,2,0.000120417334942422,6.35954255176473e-06,0.00424856190445541
"Solitary Wasps","Core",2016,2,0.000139432810228578,8.4420790178121e-06,0.00516557899086397
"Solitary Wasps","Core",2017,2,0.00015586643948957,1.97264620036809e-05,0.0064134372578251
"Solitary Wasps","Core",2018,2,0.000141050192631043,1.72370438026635e-05,0.0052612719780218
"Solitary Wasps","Core",2019,2,0.000168819694449377,2.39215657356355e-05,0.00614443029054796
"Solitary Wasps","Core",2020,2,0.000193382099968673,3.35566378479803e-05,0.00827349762484685
"Solitary Wasps","Core",2021,2,0.000184825515736381,2.47534964415217e-05,0.00693873634299134
"Solitary Wasps","Core",2022,2,0.000190529269543962,2.95370903571345e-05,0.00905229231057478
"Solitary Wasps","Core",2023,2,0.000166080257557229,1.94122805298782e-05,0.00834067096924051
"Solitary Wasps","Buffer",2000,2,0.000732151507566047,2.33735112271371e-06,0.0284604048535084
"Solitary Wasps","Buffer",2001,2,0.000728888754982483,3.77393118339837e-06,0.0241802110731996
"Solitary Wasps","Buffer",2002,2,0.000822449901320088,5.36968069595707e-06,0.0216356885953499
"Solitary Wasps","Buffer",2003,2,0.000851399426747636,6.98240376138499e-06,0.0176196709337436
"Solitary Wasps","Buffer",2004,2,0.000867977282210094,5.66942950716803e-06,0.0202738508113979
"Solitary Wasps","Buffer",2005,2,0.00110241562555774,9.72400582434989e-06,0.015438299993993
"Solitary Wasps","Buffer",2006,2,0.00108352308001746,1.05814275595388e-05,0.0159108847412272
"Solitary Wasps","Buffer",2007,2,0.00114988416785094,1.55477338359293e-05,0.0154043286550906
"Solitary Wasps","Buffer",2008,2,0.00111198815912449,1.51073714639481e-05,0.0155823733799023
"Solitary Wasps","Buffer",2009,2,0.00119134821453421,1.39294354735275e-05,0.015141769770786
"Solitary Wasps","Buffer",2010,2,0.00151307810269027,2.85162214309571e-05,0.0152097372293632
"Solitary Wasps","Buffer",2011,2,0.00163478671323526,4.16888252475485e-05,0.0141199359996617
"Solitary Wasps","Buffer",2012,2,0.00222587753924964,7.7558291314166e-05,0.0157593532006335
"Solitary Wasps","Buffer",2013,2,0.00285656867588749,7.50549595245737e-05,0.0163556952328673
"Solitary Wasps","Buffer",2014,2,0.0043967555069088,0.000357452080531002,0.0191005517134823
"Solitary Wasps","Buffer",2015,2,0.00528853715959365,0.000555678250541551,0.0222887264856221
"Solitary Wasps","Buffer",2016,2,0.00518479829520532,0.000475348294224482,0.0193681319680841
"Solitary Wasps","Buffer",2017,2,0.00637374381555358,0.00072573879748269,0.0221617757588896
"Solitary Wasps","Buffer",2018,2,0.0107110447983483,0.00223503760448948,0.0277346781853457
"Solitary Wasps","Buffer",2019,2,0.0117115113552821,0.00263225745516213,0.0314806694707643
"Solitary Wasps","Buffer",2020,2,0.0168868505237959,0.00505524938807331,0.0393721890941127
"Solitary Wasps","Buffer",2021,2,0.0215976636494479,0.00679156123412294,0.0460148689392379
"Solitary Wasps","Buffer",2022,2,0.0253916411583324,0.00830907331962765,0.0588841746936511
"Solitary Wasps","Buffer",2023,2,0.03560438387663,0.00849592392136448,0.0923349797161465
"Solitary Wasps","Outside",2000,2,0.0140286033374593,0.000452734482409783,0.0864198545991681
"Solitary Wasps","Outside",2001,2,0.0174792118850864,0.00105596097397364,0.0765431177465809
"Solitary Wasps","Outside",2002,2,0.0164822848852155,0.00109941625867917,0.0743941011883983
"Solitary Wasps","Outside",2003,2,0.0176593601406012,0.000941749939882266,0.0723179601622782
"Solitary Wasps","Outside",2004,2,0.0191353848600909,0.00139369943212951,0.0755041179569397
"Solitary Wasps","Outside",2005,2,0.0206421291248807,0.0021689992235372,0.0752058649203177
"Solitary Wasps","Outside",2006,2,0.0230446053030503,0.00188054621684644,0.0813142010699842
"Solitary Wasps","Outside",2007,2,0.0275757393192684,0.00312103611198776,0.090201714881736
"Solitary Wasps","Outside",2008,2,0.0295738038061527,0.00455114440042078,0.0926505514455419
"Solitary Wasps","Outside",2009,2,0.0393065973662708,0.00681662158589774,0.101878600690338
"Solitary Wasps","Outside",2010,2,0.0425686331710882,0.00914990832373141,0.10749274389306
"Solitary Wasps","Outside",2011,2,0.066240823508542,0.0183816793256911,0.153948439159245
"Solitary Wasps","Outside",2012,2,0.0707633608156061,0.0233102499928117,0.156569576128816
"Solitary Wasps","Outside",2013,2,0.066982371122025,0.0247222243008656,0.145618546085912
"Solitary Wasps","Outside",2014,2,0.0612368667316445,0.0189670551322211,0.134078839600303
"Solitary Wasps","Outside",2015,2,0.0514851145955145,0.0177970670268097,0.109076345071204
"Solitary Wasps","Outside",2016,2,0.0471282528701807,0.0162506126121049,0.103564968899267
"Solitary Wasps","Outside",2017,2,0.0381074473187117,0.0110548628678714,0.0867210813824549
"Solitary Wasps","Outside",2018,2,0.0374999974461513,0.0111087550576073,0.0776728233283668
"Solitary Wasps","Outside",2019,2,0.0446457141395386,0.0165675671466025,0.0873217241791625
"Solitary Wasps","Outside",2020,2,0.0430080110620236,0.0161420800286549,0.0868529490831964
"Solitary Wasps","Outside",2021,2,0.0512138500871455,0.0192039884804681,0.0992650256055688
"Solitary Wasps","Outside",2022,2,0.0669855224281244,0.0236085327640486,0.132613539069249
"Solitary Wasps","Outside",2023,2,0.0656806187149278,0.0212148383210246,0.142384291155762
"Wild Bees","Core",2000,12,0.006604291366029,0.000758999980720229,0.0438759345442218
"Wild Bees","Core",2001,12,0.00731347324493189,0.000971247619326645,0.0384614120271124
"Wild Bees","Core",2002,12,0.00822434425701879,0.0010559955072353,0.0402314192829603
"Wild Bees","Core",2003,12,0.00830367511538758,0.00128991967629179,0.0411128265362637
"Wild Bees","Core",2004,12,0.00965819545527317,0.00136074535472862,0.0463385182850626
"Wild Bees","Core",2005,12,0.00991350509942406,0.00144828849507754,0.0517956917670072
"Wild Bees","Core",2006,12,0.0125070086560572,0.00195128381546641,0.0548694328654607
"Wild Bees","Core",2007,12,0.0130884640848817,0.0021885397105157,0.0622103723130494
"Wild Bees","Core",2008,12,0.0156704513254657,0.00322624992614277,0.0716869229897893
"Wild Bees","Core",2009,12,0.0229215456068954,0.00473753002711348,0.0859744537275788
"Wild Bees","Core",2010,12,0.0310259204789229,0.00623724208475403,0.100059486843801
"Wild Bees","Core",2011,12,0.0353024388129459,0.0071085608848491,0.115791010701441
"Wild Bees","Core",2012,12,0.0594221283782311,0.0150741007698971,0.130706044627286
"Wild Bees","Core",2013,12,0.046507864503346,0.0112434799621719,0.110623691866903
"Wild Bees","Core",2014,12,0.0488627903164626,0.0111015756625683,0.11033610137587
"Wild Bees","Core",2015,12,0.0546484538662498,0.0133327965563409,0.122527399971097
"Wild Bees","Core",2016,12,0.0579978882343597,0.0149328526780118,0.123787509693167
"Wild Bees","Core",2017,12,0.0780234690650125,0.0227502561402805,0.139230146204715
"Wild Bees","Core",2018,12,0.099447892242602,0.0341209583060946,0.159990512791562
"Wild Bees","Core",2019,12,0.0738789542066488,0.0237437560258056,0.143795260152681
"Wild Bees","Core",2020,12,0.0527399772124668,0.0149932737470238,0.113893843364016
"Wild Bees","Core",2021,12,0.0327749839715965,0.00750470291931393,0.0856179731779602
"Wild Bees","Core",2022,12,0.0216664217960571,0.00405219491155182,0.0703242329676682
"Wild Bees","Core",2023,12,0.0181261352213377,0.003544503800032,0.0620644445840057
"Wild Bees","Buffer",2000,12,0.0031423796418527,0.000327775934167692,0.0175378631829763
"Wild Bees","Buffer",2001,12,0.00328864793704368,0.000402715895982111,0.0184311293870578
"Wild Bees","Buffer",2002,12,0.00361588951074587,0.000435286102096027,0.0171427739506789
"Wild Bees","Buffer",2003,12,0.00480052179481394,0.000614873967882203,0.0242852646323148
"Wild Bees","Buffer",2004,12,0.00479639239187366,0.000624994647765395,0.0246332017451083
"Wild Bees","Buffer",2005,12,0.00630337565243764,0.000936651634907912,0.0308503351331858
"Wild Bees","Buffer",2006,12,0.00667355885667228,0.00110171650250678,0.0296795643013566
"Wild Bees","Buffer",2007,12,0.00846927127119387,0.00144028995322042,0.0335701237283697
"Wild Bees","Buffer",2008,12,0.0121621626146568,0.00252790949912886,0.0409940061011199
"Wild Bees","Buffer",2009,12,0.0174089570260608,0.00390948981709267,0.0466614067372621
"Wild Bees","Buffer",2010,12,0.0215872088558253,0.0057883708170283,0.0510621498678884
"Wild Bees","Buffer",2011,12,0.0242252548940173,0.00603489127456967,0.0533783924394425
"Wild Bees","Buffer",2012,12,0.0273918950971902,0.00868242813044627,0.0556033105734058
"Wild Bees","Buffer",2013,12,0.0205479947303209,0.00538893043135513,0.0483879580222463
"Wild Bees","Buffer",2014,12,0.0194548995580209,0.00522457317830846,0.0464702056116934
"Wild Bees","Buffer",2015,12,0.0184285448009353,0.00489616546929549,0.0443259080733941
"Wild Bees","Buffer",2016,12,0.0202534151547497,0.00588437968269998,0.0435779891426835
"Wild Bees","Buffer",2017,12,0.0266052804479502,0.00873070968451294,0.0473851957991593
"Wild Bees","Buffer",2018,12,0.0344622617953066,0.0110781216489306,0.0600212242869352
"Wild Bees","Buffer",2019,12,0.0353655757543274,0.00968489195201954,0.0753713987378004
"Wild Bees","Buffer",2020,12,0.0324031846187382,0.00866806687246968,0.0699441674630365
"Wild Bees","Buffer",2021,12,0.0260214233992037,0.00652443449436136,0.0639756071819947
"Wild Bees","Buffer",2022,12,0.0203298647231117,0.00428578988248435,0.0594783168448502
"Wild Bees","Buffer",2023,12,0.0193264775510706,0.00442309350381398,0.0627440133957222
"Wild Bees","Outside",2000,12,0.00230303730587511,0.000302280156028977,0.0183237494851941
"Wild Bees","Outside",2001,12,0.00257290590124401,0.000380778935963927,0.0146585828003377
"Wild Bees","Outside",2002,12,0.00278972881615886,0.000313686309716746,0.0160741413784022
"Wild Bees","Outside",2003,12,0.00306089812776886,0.000450497002822541,0.0173011381555368
"Wild Bees","Outside",2004,12,0.00394180748819287,0.000691708542456149,0.0210983961731605
"Wild Bees","Outside",2005,12,0.00488031578256697,0.000761250140355851,0.0228185377814657
"Wild Bees","Outside",2006,12,0.004658273617489,0.000721961185886441,0.0261781690354907
"Wild Bees","Outside",2007,12,0.00526295080878285,0.000917143739330919,0.0231489078742933
"Wild Bees","Outside",2008,12,0.00800804759011457,0.00151915140765628,0.0304336204358435
"Wild Bees","Outside",2009,12,0.0125896317410723,0.00301424404417024,0.0345040254537454
"Wild Bees","Outside",2010,12,0.0202950157797795,0.00637342735390787,0.0461744065504433
"Wild Bees","Outside",2011,12,0.0294005393173393,0.0100329035067392,0.061912308133881
"Wild Bees","Outside",2012,12,0.0259429373989868,0.00881920589453014,0.0528451712090464
"Wild Bees","Outside",2013,12,0.0257182828597912,0.00779922214121553,0.0559209018645608
"Wild Bees","Outside",2014,12,0.0308219253079613,0.0110742438313321,0.0632700988850205
"Wild Bees","Outside",2015,12,0.0376602272072898,0.0134785745310478,0.0723795924942475
"Wild Bees","Outside",2016,12,0.0330097392721841,0.010672294397689,0.074841197574509
"Wild Bees","Outside",2017,12,0.0420670557782631,0.015458602047939,0.075553146400925
"Wild Bees","Outside",2018,12,0.0481148109688486,0.0212730916935838,0.0779944297301462
"Wild Bees","Outside",2019,12,0.0467861537045511,0.0201560957011605,0.07769499191837
"Wild Bees","Outside",2020,12,0.0377237890224316,0.0149790986502162,0.0728192433629036
"Wild Bees","Outside",2021,12,0.0348029556586394,0.0122091601611506,0.0722816573726266
"Wild Bees","Outside",2022,12,0.0248624835678481,0.00652885918249583,0.0649214569574972
"Wild Bees","Outside",2023,12,0.0224458922186927,0.00420198674007117,0.0711095633690319
