"draw_id","Zone","n_increase","n_decrease","mean_inc_mag","mean_dec_mag"
1,"Core",225,377,0.147184202277855,0.324031199343016
1,"Buffer",212,397,0.160500701595197,0.292238732714545
1,"Outside",223,386,0.154525463340312,0.295052554651632
2,"Core",227,375,0.146829169233582,0.322720110001147
2,"Buffer",237,372,0.161685717410932,0.323927162096112
2,"Outside",220,390,0.14788042470168,0.31895504400222
3,"Core",212,386,0.154243042293782,0.322464091650453
3,"Buffer",203,406,0.155732135608783,0.301168972873265
3,"Outside",240,370,0.13326215963459,0.312230187742938
4,"Core",208,393,0.137291931960375,0.311434135179456
4,"Buffer",223,386,0.148347522058688,0.311951292053416
4,"Outside",213,396,0.152583522463232,0.293699155727221
5,"Core",212,391,0.159522149664324,0.323317272322576
5,"Buffer",204,403,0.15047172678199,0.296375559617439
5,"Outside",228,381,0.147717226775736,0.313156477390317
6,"Core",226,375,0.148542601850606,0.328605430833039
6,"Buffer",213,397,0.155966149567377,0.309959958138233
6,"Outside",210,399,0.144161159895276,0.303854804658728
7,"Core",205,399,0.165839862378904,0.29520051748454
7,"Buffer",208,399,0.150942607348214,0.325989520715644
7,"Outside",209,399,0.141870804497512,0.301482769704515
8,"Core",217,385,0.153990230466924,0.325939252411479
8,"Buffer",223,387,0.155085786838687,0.320562990216223
8,"Outside",225,383,0.144569775490307,0.320784054156587
9,"Core",222,377,0.148187449248988,0.292025249870756
9,"Buffer",221,387,0.133000820169079,0.315511947247001
9,"Outside",249,361,0.136233865559996,0.29438491127959
10,"Core",217,382,0.16976195184042,0.32867778579753
10,"Buffer",205,403,0.154327832742774,0.299274711531078
10,"Outside",224,385,0.142869051947988,0.333930940857579
11,"Core",236,365,0.143103095202155,0.336900895654088
11,"Buffer",213,397,0.130769932287009,0.317111242169685
11,"Outside",216,393,0.141400561076493,0.305799795641631
12,"Core",218,377,0.154472613187251,0.322644704127852
12,"Buffer",206,403,0.155180040393268,0.319403882789127
12,"Outside",220,389,0.161672870984971,0.312461094922514
13,"Core",217,385,0.143603410346776,0.322670150434465
13,"Buffer",210,399,0.161073147816246,0.314359425835109
13,"Outside",223,387,0.1567672074643,0.311964527292872
14,"Core",214,387,0.164973417021443,0.313045514218
14,"Buffer",204,404,0.158955089396043,0.314256401046593
14,"Outside",213,397,0.138477862426057,0.289310085692479
15,"Core",208,389,0.152244776865439,0.316023815693284
15,"Buffer",225,384,0.148055990310115,0.305182235608909
15,"Outside",225,385,0.167250343065686,0.307147791800462
16,"Core",222,379,0.149656786696344,0.320065751952379
16,"Buffer",213,396,0.151616519609032,0.316739752536264
16,"Outside",222,387,0.141961226297419,0.296756494287936
17,"Core",217,386,0.152527724578716,0.29515281721677
17,"Buffer",227,381,0.163961440239223,0.321944604007754
17,"Outside",212,397,0.14021863502267,0.291915651557782
18,"Core",216,385,0.153463410789722,0.318740179931321
18,"Buffer",217,391,0.158494963980239,0.316501105438244
18,"Outside",235,375,0.129590055480626,0.30658127939574
19,"Core",201,398,0.16710546056051,0.321799287701538
19,"Buffer",216,394,0.159868421428191,0.318101500751711
19,"Outside",235,372,0.132245907287497,0.319746799281952
20,"Core",231,368,0.140986709059175,0.316010916807724
20,"Buffer",210,397,0.14791968047536,0.320311591750939
20,"Outside",245,365,0.141462716957234,0.286211309620248
21,"Core",228,372,0.146309335425395,0.331061356769494
21,"Buffer",214,394,0.144346512208386,0.302858384278209
21,"Outside",229,380,0.157220114780685,0.306369934826729
22,"Core",212,391,0.148673023781437,0.317331604895302
22,"Buffer",209,398,0.140646824681648,0.321401556839138
22,"Outside",228,382,0.148030391384325,0.312667126323047
23,"Core",222,378,0.146491424231999,0.296130752881962
23,"Buffer",206,401,0.157919773721118,0.30340087482391
23,"Outside",207,403,0.163657829078362,0.306011514065613
24,"Core",223,379,0.148216722751724,0.311079480831525
24,"Buffer",206,403,0.14699529645512,0.304219511071071
24,"Outside",225,385,0.128630869123375,0.279935526198257
25,"Core",208,392,0.146406663070454,0.314390663346676
25,"Buffer",213,394,0.154189819067286,0.32831573496303
25,"Outside",221,388,0.146526686689376,0.289275269725235
26,"Core",210,392,0.136268485090894,0.31324723502821
26,"Buffer",201,408,0.146593545920857,0.302954193018518
26,"Outside",223,387,0.139154667628373,0.309363741495707
27,"Core",241,362,0.135649254596643,0.32440848478635
27,"Buffer",200,409,0.154475289516931,0.321147201324955
27,"Outside",222,388,0.130583204498715,0.30911408342424
28,"Core",231,371,0.145845163651975,0.321725600939576
28,"Buffer",209,400,0.170775809341661,0.315500050138835
28,"Outside",226,382,0.129485356725963,0.30415038741386
29,"Core",228,372,0.151908371411228,0.319212475559474
29,"Buffer",223,385,0.136019177183695,0.3348834431738
29,"Outside",208,402,0.152208239451186,0.293653616460155
30,"Core",210,392,0.142025699284063,0.301550734313448
30,"Buffer",207,403,0.148860228846346,0.308676546364269
30,"Outside",233,376,0.152117284866768,0.31403369485673
31,"Core",232,371,0.150327720827189,0.323267958038306
31,"Buffer",216,392,0.153907922506759,0.299241760074697
31,"Outside",240,369,0.151997251811684,0.282834823629049
32,"Core",214,386,0.157610208599553,0.325030476255081
32,"Buffer",195,413,0.13911686709285,0.325772228222018
32,"Outside",229,381,0.14665303855178,0.300005308734629
33,"Core",225,377,0.150727838908694,0.320527905338028
33,"Buffer",208,400,0.13722866072482,0.303363252353841
33,"Outside",204,405,0.133897857503179,0.301367170491214
34,"Core",230,371,0.170984633034245,0.322063681515954
34,"Buffer",209,398,0.156204633354365,0.308781985931138
34,"Outside",233,377,0.151648285021499,0.308729431325895
35,"Core",217,384,0.146867614301546,0.325967371220808
35,"Buffer",218,392,0.146184199341219,0.315708775297415
35,"Outside",228,382,0.139899104246142,0.30074102454945
36,"Core",233,367,0.168459501250488,0.320687688312897
36,"Buffer",191,417,0.157532389167356,0.315303503541828
36,"Outside",218,392,0.163949481459462,0.28347839317359
37,"Core",209,390,0.146472958231993,0.304378377131699
37,"Buffer",217,391,0.147395783716063,0.307001895451632
37,"Outside",205,405,0.155585846686935,0.302879891543896
38,"Core",217,382,0.179631266904667,0.332591254413625
38,"Buffer",211,397,0.17911770390864,0.316334605595674
38,"Outside",207,403,0.146100752872327,0.310032446138707
39,"Core",230,373,0.146542361011887,0.296365786258095
39,"Buffer",203,406,0.161058192413851,0.295478638787456
39,"Outside",220,389,0.149937097380774,0.322971929849526
40,"Core",221,380,0.147288462394071,0.305009517300341
40,"Buffer",216,392,0.165433775548137,0.356130437110461
40,"Outside",211,399,0.138207854750043,0.299607091123223
41,"Core",227,372,0.165178490652922,0.311007175417816
41,"Buffer",233,376,0.131101516118712,0.320420045342324
41,"Outside",206,403,0.145131922758271,0.306441985187637
42,"Core",223,376,0.154951279047215,0.315250805543993
42,"Buffer",213,396,0.140817763263513,0.304661516953497
42,"Outside",224,386,0.154071995696757,0.30140117117336
43,"Core",225,375,0.17436939833946,0.296535424278057
43,"Buffer",201,406,0.141328462921603,0.311691363463848
43,"Outside",225,385,0.156946074567765,0.311828256797003
44,"Core",216,385,0.161117366311396,0.335482230834081
44,"Buffer",203,405,0.149902507539919,0.311817017229006
44,"Outside",227,382,0.143717420374416,0.31699668905182
45,"Core",225,379,0.153108057043398,0.33415941012537
45,"Buffer",200,409,0.151843161460397,0.300488152709874
45,"Outside",227,381,0.136637155160038,0.299170216082105
46,"Core",227,375,0.131879471800842,0.333031585228373
46,"Buffer",212,396,0.153800743760302,0.312397348392296
46,"Outside",200,410,0.15707046401372,0.296625399414843
47,"Core",214,383,0.145642735187377,0.333763264527371
47,"Buffer",211,397,0.148144905625518,0.318143451597528
47,"Outside",212,396,0.162691283472455,0.308934443805261
48,"Core",221,382,0.148031935820623,0.316257743301535
48,"Buffer",220,387,0.14313874496447,0.315782958804716
48,"Outside",232,377,0.149720778020741,0.293138634522216
49,"Core",226,376,0.158794425404713,0.317048541165986
49,"Buffer",201,407,0.154172755426928,0.307347607608792
49,"Outside",212,395,0.15094094508841,0.287413467047088
50,"Core",237,360,0.153783257210556,0.35344046604672
50,"Buffer",203,407,0.137792373080597,0.307889500699147
50,"Outside",214,396,0.152948640821937,0.313822812985769
51,"Core",202,399,0.1402401191585,0.32272105148295
51,"Buffer",201,404,0.168368533570076,0.298400580519378
51,"Outside",225,385,0.13815920251736,0.29786435011547
52,"Core",223,382,0.132191549156028,0.334716548550687
52,"Buffer",230,378,0.147769731597744,0.314022945175486
52,"Outside",224,386,0.146924186139254,0.308500156123084
53,"Core",231,369,0.148362858959211,0.322819238370394
53,"Buffer",228,380,0.167375296401427,0.304116658702263
53,"Outside",214,396,0.15656584323679,0.304560614990317
54,"Core",239,360,0.155184932232648,0.314976558947726
54,"Buffer",204,404,0.140091106866474,0.303457073508007
54,"Outside",201,409,0.139704122639443,0.288797120132758
55,"Core",206,392,0.159171422521484,0.317351479936134
55,"Buffer",206,403,0.169655067919839,0.310437864362587
55,"Outside",216,393,0.153525073916694,0.309453554764882
56,"Core",239,362,0.144338230509963,0.319789770741768
56,"Buffer",229,380,0.159739282852874,0.309474154773881
56,"Outside",221,389,0.144163855547155,0.304160591853993
57,"Core",196,404,0.167095545163922,0.322823177994375
57,"Buffer",223,386,0.13678500992125,0.298819808479074
57,"Outside",233,377,0.132760648884054,0.302411854700987
58,"Core",224,379,0.129111766049204,0.337301841832046
58,"Buffer",199,408,0.127634862803276,0.303608512895022
58,"Outside",215,395,0.158880499277885,0.298167534436626
59,"Core",215,386,0.170421690133091,0.333972505989594
59,"Buffer",216,392,0.1589075318493,0.27941543911796
59,"Outside",214,395,0.169930737337985,0.287411210058991
60,"Core",232,369,0.153359028975922,0.333249866658727
60,"Buffer",196,414,0.165969157042887,0.302780023556706
60,"Outside",236,374,0.128124042597562,0.317203984058039
61,"Core",219,387,0.153422003689976,0.325388908667041
61,"Buffer",219,389,0.14982616645399,0.311796349499963
61,"Outside",225,385,0.144206391721978,0.315808518532189
62,"Core",210,387,0.151678266072056,0.321270787054902
62,"Buffer",220,390,0.153846467375593,0.29878145806565
62,"Outside",215,395,0.148075937368657,0.316845393064159
63,"Core",232,369,0.151781505963709,0.332573181448668
63,"Buffer",205,403,0.176395502216768,0.310737321164541
63,"Outside",218,392,0.139373872508192,0.289061694816056
64,"Core",216,384,0.129366571062188,0.296300909331664
64,"Buffer",215,394,0.138959585133887,0.335081046824866
64,"Outside",217,392,0.159258888675186,0.318778191130019
65,"Core",233,370,0.155081201418399,0.317567434291979
65,"Buffer",200,406,0.167411164744214,0.289930161006968
65,"Outside",210,399,0.147139109454179,0.31560124754524
66,"Core",220,381,0.164584359074722,0.328267869080935
66,"Buffer",191,418,0.156080089433696,0.320200452492214
66,"Outside",211,398,0.158919367251427,0.289220404901862
67,"Core",211,389,0.158394777106212,0.302651668225801
67,"Buffer",214,394,0.160276479522963,0.310246187238262
67,"Outside",231,379,0.142292577470229,0.316435014364395
68,"Core",235,366,0.151942280562951,0.327340947084441
68,"Buffer",203,405,0.137107489789379,0.306446650588249
68,"Outside",233,376,0.144657000024624,0.316322539630833
69,"Core",240,359,0.135704958449424,0.323815842569288
69,"Buffer",192,416,0.16820893184287,0.29996334620922
69,"Outside",208,400,0.138785499711185,0.304418328687388
70,"Core",218,386,0.147752286525923,0.330989508343904
70,"Buffer",194,413,0.153025390004545,0.326851171381094
70,"Outside",234,376,0.152983602447169,0.320910659646723
71,"Core",223,377,0.161730292457556,0.314947393023599
71,"Buffer",206,402,0.141317198143719,0.303158216442122
71,"Outside",234,376,0.139542398988594,0.29720128945808
72,"Core",215,387,0.149099453087391,0.289307131033578
72,"Buffer",216,390,0.153317891615626,0.311816734198622
72,"Outside",216,394,0.138153140257042,0.305384278833145
73,"Core",223,380,0.144826323539866,0.314704121644281
73,"Buffer",207,402,0.160120174336257,0.298045296158214
73,"Outside",237,372,0.143470762457732,0.310217656047219
74,"Core",229,372,0.142104625224633,0.299584795814717
74,"Buffer",192,417,0.142310771239655,0.302447499586452
74,"Outside",205,405,0.164356180467869,0.299846324761086
75,"Core",222,378,0.156200243795729,0.305808054554803
75,"Buffer",219,390,0.151684210026862,0.317412617673844
75,"Outside",214,395,0.145297388251067,0.312699918853354
76,"Core",220,375,0.154994488748667,0.336130494515523
76,"Buffer",219,389,0.155621068830806,0.325281745654265
76,"Outside",227,382,0.156038557906374,0.268272080994277
77,"Core",224,377,0.136391275534416,0.317869532794588
77,"Buffer",218,390,0.128666344893167,0.330101525425382
77,"Outside",225,385,0.127628418374103,0.285397608452915
78,"Core",215,389,0.134232256877737,0.313996102732545
78,"Buffer",211,398,0.140322758849505,0.295419760496285
78,"Outside",233,376,0.136027090764856,0.304106924465326
79,"Core",231,373,0.149808386644167,0.312692817499082
79,"Buffer",218,391,0.166699147600499,0.297896586513173
79,"Outside",221,389,0.155611533344965,0.296812044853915
80,"Core",224,379,0.138624197300926,0.319468458757483
80,"Buffer",202,407,0.161677353411544,0.288328731199661
80,"Outside",223,387,0.169765844865098,0.301674496606987
81,"Core",221,384,0.144660666133508,0.311085469061818
81,"Buffer",178,429,0.147944556410736,0.306932854127344
81,"Outside",212,398,0.150321201164108,0.307155143367515
82,"Core",216,388,0.142290763549396,0.325969513939081
82,"Buffer",212,396,0.159616914470067,0.312648928938892
82,"Outside",219,391,0.133313073635862,0.315714152162186
83,"Core",226,375,0.141753620487515,0.328364147519918
83,"Buffer",198,412,0.145263675215654,0.305679246582059
83,"Outside",222,387,0.137071218259357,0.298313337704514
84,"Core",196,402,0.173106005622386,0.305471547672787
84,"Buffer",194,416,0.150482338508428,0.302666229671569
84,"Outside",223,386,0.13080038037017,0.302978890394377
85,"Core",234,364,0.158122566971923,0.313089042173916
85,"Buffer",207,399,0.156293686441626,0.315538166843293
85,"Outside",228,381,0.139772424526793,0.293034413096036
86,"Core",212,386,0.145777551993329,0.312880910545709
86,"Buffer",191,418,0.137098000184011,0.307985502822647
86,"Outside",200,409,0.151703940978945,0.309515250116455
87,"Core",221,377,0.135814572725893,0.344255369537281
87,"Buffer",216,393,0.184261200039785,0.313011859454795
87,"Outside",212,398,0.132344383937715,0.297065307211049
88,"Core",225,376,0.144050804602798,0.313179935887266
88,"Buffer",186,422,0.140708057871125,0.302741228046238
88,"Outside",227,383,0.136419917097407,0.293550763197941
89,"Core",235,366,0.1663152615475,0.30885642567602
89,"Buffer",205,403,0.14973173452819,0.304709180286829
89,"Outside",219,391,0.153459240228807,0.300126037288417
90,"Core",238,364,0.126248879026169,0.334191209283901
90,"Buffer",226,384,0.153946456904636,0.293339646883366
90,"Outside",226,383,0.144333883477671,0.308252015776387
91,"Core",200,400,0.130347098113226,0.301393447991659
91,"Buffer",212,397,0.15142938846025,0.330367110485311
91,"Outside",241,369,0.157988870418773,0.311035110263132
92,"Core",243,359,0.133522142780701,0.324484771739964
92,"Buffer",206,401,0.159022398678688,0.322974072696036
92,"Outside",216,394,0.143519805826416,0.311282879637011
93,"Core",223,378,0.161867831578122,0.315266101846251
93,"Buffer",205,404,0.147059756687457,0.316751277628211
93,"Outside",221,388,0.139354981713197,0.316931023520456
94,"Core",231,371,0.149577338692008,0.341761799852902
94,"Buffer",194,413,0.142228794602016,0.301819084140885
94,"Outside",224,385,0.135115897897209,0.2912542938891
95,"Core",228,375,0.167014177768138,0.304304874405511
95,"Buffer",204,406,0.151742726019275,0.31416256310632
95,"Outside",219,389,0.145679491410253,0.29082932587933
96,"Core",234,371,0.145332566138594,0.328875640280548
96,"Buffer",219,388,0.149043016523909,0.306965301847501
96,"Outside",238,372,0.136451940905095,0.318608387769132
97,"Core",213,388,0.13807215983958,0.296137447389779
97,"Buffer",199,410,0.152054438545672,0.307677457674668
97,"Outside",237,372,0.140727473119702,0.298942352244634
98,"Core",231,370,0.142804965445384,0.33093911288638
98,"Buffer",222,385,0.145735025293023,0.318476424267176
98,"Outside",222,388,0.153878689194321,0.307087402542345
99,"Core",221,378,0.139748576012426,0.331918451656468
99,"Buffer",197,412,0.170226389950901,0.310125313166229
99,"Outside",226,383,0.162857824385502,0.305418395312818
100,"Core",215,383,0.14419376321318,0.326732905855814
100,"Buffer",211,399,0.13728881977244,0.315439725777639
100,"Outside",224,386,0.155164574281469,0.307538356504951
101,"Core",224,374,0.142804936068832,0.320254425627281
101,"Buffer",222,386,0.149803054929737,0.332882324200221
101,"Outside",227,383,0.140298439841869,0.303506768021734
102,"Core",214,389,0.159793702812776,0.312242963945739
102,"Buffer",219,390,0.139865046032624,0.288028751487966
102,"Outside",243,367,0.15061730992813,0.310890254620773
103,"Core",217,387,0.156026793344365,0.286669351685102
103,"Buffer",194,415,0.128519141437077,0.323623681581581
103,"Outside",220,390,0.150198872738251,0.302438460079183
104,"Core",223,378,0.181320045892379,0.330698226667992
104,"Buffer",191,417,0.172471040137868,0.308325087859069
104,"Outside",228,382,0.170517729817132,0.291449392322425
105,"Core",222,380,0.133772744708245,0.311674083102191
105,"Buffer",213,395,0.130141553909,0.299762559364001
105,"Outside",224,386,0.16331237202334,0.302894201310888
106,"Core",217,382,0.167330595639227,0.339286958800548
106,"Buffer",196,411,0.151006441037714,0.312739306514196
106,"Outside",238,371,0.156261313124052,0.292375040398876
107,"Core",220,383,0.148418965313725,0.329286626337208
107,"Buffer",206,403,0.162447645103144,0.345902972733574
107,"Outside",230,379,0.163303351668157,0.324919770287424
108,"Core",228,376,0.17512627970191,0.283715227699653
108,"Buffer",213,396,0.153057096423333,0.310718309729536
108,"Outside",221,389,0.138397743937353,0.319909600106339
109,"Core",214,389,0.151005569941206,0.297537352490705
109,"Buffer",216,392,0.166246364222801,0.2944984023655
109,"Outside",223,387,0.152193357770132,0.300485407718744
110,"Core",228,373,0.144058834424502,0.318520777412303
110,"Buffer",208,400,0.162478419420475,0.324365653264247
110,"Outside",217,392,0.140133290560944,0.306819208760821
111,"Core",247,351,0.14966043368938,0.343779442338522
111,"Buffer",208,398,0.172773467404737,0.31293226663469
111,"Outside",220,390,0.1346009602038,0.307150147911524
112,"Core",232,373,0.154857023241427,0.316546765973636
112,"Buffer",208,400,0.134447871147125,0.314568903479192
112,"Outside",224,385,0.147968333204686,0.306237808098082
113,"Core",222,378,0.16632017596748,0.31667113372145
113,"Buffer",216,394,0.128682242066601,0.31512727138816
113,"Outside",208,402,0.138202697263136,0.286350777543017
114,"Core",222,380,0.141066852188074,0.309658691697892
114,"Buffer",212,396,0.140693999625232,0.327736590774997
114,"Outside",218,392,0.15119857796812,0.293238969821952
115,"Core",217,384,0.156846950971786,0.326230026759607
115,"Buffer",207,402,0.151191071832045,0.311502293280141
115,"Outside",223,386,0.144104682727372,0.32383343099435
116,"Core",227,377,0.177551995084715,0.297241528500492
116,"Buffer",198,410,0.152465307526841,0.319695918660783
116,"Outside",221,388,0.135733043969656,0.311528678277468
117,"Core",214,389,0.163296193224833,0.30842701160612
117,"Buffer",233,374,0.15191728614181,0.329626394704731
117,"Outside",212,398,0.137209207153,0.291074357967312
118,"Core",225,376,0.156756215952671,0.313943326210294
118,"Buffer",193,415,0.150060596461273,0.297962460266057
118,"Outside",227,383,0.147777725519933,0.308415670434839
119,"Core",219,379,0.138656986516886,0.31606451130185
119,"Buffer",213,396,0.163859158740746,0.313512629309945
119,"Outside",198,412,0.141846694837925,0.293210721341792
120,"Core",229,373,0.165553586677373,0.318904722843098
120,"Buffer",215,395,0.155666768942279,0.314260699371186
120,"Outside",206,403,0.128629640488187,0.304075236102273
121,"Core",226,373,0.137136886682429,0.351381228442874
121,"Buffer",209,399,0.146644599759474,0.297049652543248
121,"Outside",223,387,0.147334966674288,0.299885982188025
122,"Core",232,370,0.173101044965387,0.325083950783461
122,"Buffer",211,398,0.155959021338288,0.322226037279416
122,"Outside",230,379,0.130636081766661,0.343959675524214
123,"Core",237,364,0.157225461134656,0.326619474925024
123,"Buffer",197,409,0.133887809725053,0.304922476127782
123,"Outside",225,385,0.151865198750368,0.288602259468958
124,"Core",220,379,0.162484787047842,0.323627717806185
124,"Buffer",222,387,0.162844456242649,0.306505792864828
124,"Outside",224,386,0.143506870113876,0.308406769326525
125,"Core",216,387,0.14766257783431,0.320672033706249
125,"Buffer",225,383,0.144695051698549,0.305961449197617
125,"Outside",219,391,0.132355460055292,0.306056238711556
126,"Core",229,372,0.149266471093253,0.328301081780454
126,"Buffer",198,412,0.156164985594713,0.289488001529326
126,"Outside",224,386,0.147665552880241,0.298536311478061
127,"Core",205,396,0.152395886830669,0.284064395810866
127,"Buffer",201,408,0.160751691056157,0.318710527310601
127,"Outside",218,392,0.146604722073128,0.307108952179014
128,"Core",222,379,0.15833736716117,0.307047383703428
128,"Buffer",203,406,0.147488302148279,0.321070764778036
128,"Outside",231,378,0.144192951951438,0.297244750564008
129,"Core",225,375,0.139449317281558,0.314704256562741
129,"Buffer",208,401,0.160110815616172,0.29060002510125
129,"Outside",217,393,0.145299216833521,0.314907978225208
130,"Core",227,376,0.150549781644894,0.332313349191244
130,"Buffer",191,418,0.14499710555838,0.295151323347022
130,"Outside",216,394,0.140688163835728,0.300641208434736
131,"Core",233,369,0.167168416941693,0.320756276072404
131,"Buffer",218,389,0.168179807964477,0.30757968406167
131,"Outside",227,382,0.142571616571685,0.321656041515316
132,"Core",229,367,0.144367644153248,0.324855981400104
132,"Buffer",220,388,0.144922858423553,0.321567614644213
132,"Outside",213,396,0.159081239611988,0.311637506122121
133,"Core",204,393,0.176022394381157,0.325108809634588
133,"Buffer",194,413,0.147249983092895,0.309438440957024
133,"Outside",228,382,0.149396119609556,0.297559890856962
134,"Core",226,373,0.154612579816643,0.319341469476375
134,"Buffer",215,393,0.14995724959446,0.303955852856284
134,"Outside",225,384,0.132248526947401,0.30973573265554
135,"Core",223,376,0.14241206308075,0.319604594314173
135,"Buffer",210,399,0.155995146541698,0.300217967851467
135,"Outside",235,375,0.139288691456405,0.31438453724127
136,"Core",230,368,0.143531990917844,0.32755455793364
136,"Buffer",186,420,0.164742616998274,0.302153137896628
136,"Outside",235,375,0.159491055338505,0.305680099418961
137,"Core",229,371,0.150398748123242,0.327557721148232
137,"Buffer",196,412,0.138595586645382,0.317283078604686
137,"Outside",203,407,0.162086069900771,0.299736309663387
138,"Core",221,378,0.177248343079226,0.316898106188203
138,"Buffer",223,387,0.136228239143341,0.30959746709729
138,"Outside",217,393,0.145539092501267,0.31323631841368
139,"Core",213,388,0.141398865505239,0.309956709177493
139,"Buffer",223,386,0.147661339425026,0.335872642814201
139,"Outside",231,378,0.151823770725682,0.313076156236973
140,"Core",208,392,0.143159565985006,0.312228772351349
140,"Buffer",201,407,0.155573809458756,0.316436292549309
140,"Outside",209,401,0.149395560152844,0.29614228142483
141,"Core",220,381,0.14794237384592,0.350493660805411
141,"Buffer",223,383,0.142483939556479,0.312663633497282
141,"Outside",215,394,0.158689974224604,0.291286366995801
142,"Core",228,372,0.155206877783168,0.31282806636494
142,"Buffer",219,390,0.15775860363131,0.301190064338627
142,"Outside",232,378,0.131701884804487,0.312773587493203
143,"Core",236,364,0.155361431756318,0.324603646033604
143,"Buffer",203,407,0.15387754097704,0.304136558247987
143,"Outside",211,397,0.149990277613843,0.303754063467981
144,"Core",230,374,0.151652041707986,0.303532459138162
144,"Buffer",211,399,0.136701559159565,0.323026047959387
144,"Outside",236,374,0.145229522030434,0.311018922361391
145,"Core",230,372,0.148820913848491,0.311202673451317
145,"Buffer",205,402,0.168713670869733,0.304355159878525
145,"Outside",230,380,0.133583576287739,0.303094050973611
146,"Core",222,378,0.16996019238071,0.307216203513057
146,"Buffer",208,402,0.163749265733472,0.292736866384981
146,"Outside",232,378,0.133729977162237,0.30350948369138
147,"Core",211,386,0.146262037704432,0.331653930918831
147,"Buffer",218,391,0.155121943845435,0.296101538332165
147,"Outside",224,386,0.155249942955171,0.305513644886991
148,"Core",233,371,0.159222024529623,0.311547424092099
148,"Buffer",203,405,0.152725505071192,0.285305708450277
148,"Outside",219,390,0.137151661916108,0.30892510033563
149,"Core",208,395,0.166521072621917,0.309235994466444
149,"Buffer",202,406,0.162199184971599,0.30976187500634
149,"Outside",200,410,0.135850357397904,0.296317269186113
150,"Core",235,364,0.141407622475321,0.326053749266055
150,"Buffer",214,395,0.159876055729774,0.316559893465002
150,"Outside",242,368,0.145854574895343,0.311051020471612
151,"Core",213,385,0.181368771574585,0.335643910162652
151,"Buffer",220,388,0.144405108243426,0.321565125233105
151,"Outside",205,404,0.144649429725052,0.309590941899184
152,"Core",220,380,0.139157883242844,0.318449846954684
152,"Buffer",208,401,0.149202171535967,0.292042847000177
152,"Outside",216,394,0.13049616459803,0.307147166790663
153,"Core",222,380,0.188282831436481,0.316955599915135
153,"Buffer",213,395,0.158399995448636,0.304339960427806
153,"Outside",208,402,0.15701121772441,0.285411207629971
154,"Core",229,368,0.142926460097335,0.322725980136729
154,"Buffer",203,405,0.161695703356633,0.294198618135546
154,"Outside",215,395,0.142977159605571,0.298660629195452
155,"Core",228,371,0.145287181494573,0.336964414301572
155,"Buffer",221,387,0.165433742727909,0.318089900654754
155,"Outside",207,401,0.147854444452845,0.306165255414072
156,"Core",219,386,0.14201113107856,0.307500796407164
156,"Buffer",216,392,0.145328761197525,0.306254194026307
156,"Outside",206,404,0.148477415453028,0.30209454704128
157,"Core",211,391,0.128586090177737,0.334785915056782
157,"Buffer",225,383,0.157824561539186,0.323967910533038
157,"Outside",211,399,0.170133941663263,0.292466779691726
158,"Core",209,391,0.157011535880907,0.317272637345913
158,"Buffer",200,408,0.148372381618358,0.300598910509284
158,"Outside",236,373,0.155313541742817,0.308770995663581
159,"Core",200,400,0.149436141125061,0.31716104470466
159,"Buffer",206,400,0.143575544173989,0.293395461425678
159,"Outside",221,389,0.15727664732088,0.304387809305891
160,"Core",222,381,0.15006666313304,0.321340649502778
160,"Buffer",222,386,0.147365364686917,0.311964359340929
160,"Outside",210,400,0.14697468338474,0.312009653261892
161,"Core",232,367,0.144211486403261,0.332680415521672
161,"Buffer",198,411,0.164477438898549,0.287971545718021
161,"Outside",233,377,0.153448080598794,0.293866397471298
162,"Core",212,384,0.149488559906489,0.309127941574491
162,"Buffer",219,391,0.157037108290371,0.310947581741856
162,"Outside",236,372,0.122440117552322,0.324836931516771
163,"Core",211,388,0.178665251899983,0.300131703954948
163,"Buffer",227,382,0.153626702400377,0.30850478370468
163,"Outside",211,399,0.139922440690269,0.304997069745471
164,"Core",242,356,0.149321351652294,0.307821034004146
164,"Buffer",209,400,0.162177139899157,0.304440525868835
164,"Outside",225,385,0.132663439293197,0.318675696980687
165,"Core",224,378,0.145499928874242,0.341414336032302
165,"Buffer",206,401,0.137456371862404,0.305279732659917
165,"Outside",227,383,0.146733751047838,0.297426514962142
166,"Core",210,392,0.164655415102773,0.304347774781302
166,"Buffer",203,407,0.18495899691446,0.287848461892424
166,"Outside",231,379,0.140500002932052,0.312242253276909
167,"Core",212,391,0.151897967472776,0.318560961015931
167,"Buffer",205,404,0.162183806646756,0.293460557723008
167,"Outside",234,376,0.17713879899924,0.308360371080642
168,"Core",223,374,0.157968099405744,0.302667622317388
168,"Buffer",215,395,0.150974823041926,0.330251873199611
168,"Outside",217,393,0.165664738913487,0.296975707995829
169,"Core",244,355,0.151211352585135,0.332095599336157
169,"Buffer",206,403,0.143475503836988,0.308936639391481
169,"Outside",227,383,0.133658137302073,0.297490353813688
170,"Core",225,379,0.143313912413002,0.341749831158291
170,"Buffer",199,411,0.152378213802179,0.300857250705123
170,"Outside",222,387,0.179863982598549,0.28082237638938
171,"Core",211,388,0.144683919130793,0.305448152388213
171,"Buffer",203,406,0.149640647512028,0.315021106824129
171,"Outside",233,376,0.146494861463121,0.299166425783353
172,"Core",230,370,0.157435439347349,0.310611601836526
172,"Buffer",192,416,0.150905273809851,0.299328582140858
172,"Outside",226,384,0.139395450941473,0.325101541953596
173,"Core",214,387,0.142980544675553,0.325245955725673
173,"Buffer",222,387,0.158267708157895,0.31862971009956
173,"Outside",243,367,0.135752233875142,0.310506045092269
174,"Core",227,373,0.164509693203407,0.31478657150955
174,"Buffer",218,391,0.147987660124997,0.32398167066295
174,"Outside",215,395,0.15210235018812,0.316308735641015
175,"Core",214,384,0.163475571866596,0.323789731193036
175,"Buffer",199,411,0.154095357543586,0.316631725321173
175,"Outside",238,372,0.147794031838114,0.308393779480143
176,"Core",221,382,0.156272734316003,0.324351357650632
176,"Buffer",193,415,0.157373031266739,0.306398853669042
176,"Outside",219,390,0.15070448543277,0.304215332738927
177,"Core",243,359,0.147015344688505,0.334555652246668
177,"Buffer",195,412,0.169994616905057,0.290539011501232
177,"Outside",221,388,0.151260567739598,0.302045624800563
178,"Core",230,368,0.168428507196982,0.323282426518985
178,"Buffer",218,390,0.159794727504176,0.307550295229433
178,"Outside",217,392,0.134391922316463,0.284877793326672
179,"Core",234,368,0.15255545336419,0.300527092628253
179,"Buffer",206,403,0.163462806963313,0.300552633299963
179,"Outside",235,375,0.159809737840947,0.30320751467324
180,"Core",222,378,0.15726993203319,0.332817124196372
180,"Buffer",197,411,0.143040709588097,0.305859916576709
180,"Outside",227,382,0.144337592358624,0.303431954289522
181,"Core",216,384,0.137417618717528,0.308998909832592
181,"Buffer",210,399,0.135640683458218,0.320071059835159
181,"Outside",218,392,0.155958486533881,0.312334649509965
182,"Core",227,373,0.152252245046771,0.338511892878312
182,"Buffer",228,380,0.128349788439683,0.337365374022922
182,"Outside",228,381,0.136741840689872,0.302661686225069
183,"Core",217,384,0.160973453028667,0.310737633262451
183,"Buffer",185,424,0.143829174358182,0.29436514518161
183,"Outside",218,391,0.151614972829106,0.315440343798337
184,"Core",224,378,0.159528363390589,0.311593126131768
184,"Buffer",192,418,0.170256093440101,0.293354513985598
184,"Outside",229,380,0.13859331153898,0.314265713702677
185,"Core",252,348,0.143827947709916,0.335236863040195
185,"Buffer",214,394,0.123748753374812,0.329850422722004
185,"Outside",224,386,0.130837286638333,0.314620475506998
186,"Core",223,377,0.144626354205151,0.311046908296938
186,"Buffer",214,394,0.142112860536951,0.293730029961109
186,"Outside",228,382,0.152078070469569,0.314902112225594
187,"Core",221,377,0.149958682941959,0.309296072954789
187,"Buffer",210,399,0.16159502557802,0.296240871467496
187,"Outside",229,381,0.137511927952812,0.314882503250434
188,"Core",213,387,0.152993762501897,0.346102126506492
188,"Buffer",206,402,0.17140498424686,0.298727710646481
188,"Outside",219,390,0.13612051393244,0.31556902152239
189,"Core",225,379,0.164041932809155,0.312994860159855
189,"Buffer",200,409,0.15134496412534,0.309169301163439
189,"Outside",220,390,0.134453276078759,0.309543560513255
190,"Core",223,379,0.163271421449569,0.329375265770411
190,"Buffer",205,403,0.167576030650041,0.314803472956965
190,"Outside",221,389,0.137627155561698,0.317880786005926
191,"Core",214,389,0.138779546448574,0.334283105253658
191,"Buffer",209,401,0.167454281858196,0.290497449920126
191,"Outside",220,389,0.151049469019032,0.29774753177735
192,"Core",216,382,0.160803620131209,0.302935886822255
192,"Buffer",202,407,0.143470719258581,0.296720370180781
192,"Outside",207,403,0.150320623489807,0.306611043253178
193,"Core",214,383,0.138793540631152,0.315610173480227
193,"Buffer",223,385,0.143893649880496,0.309914328769228
193,"Outside",220,390,0.14763509456949,0.300314417726753
194,"Core",223,370,0.14604645860764,0.329106849445855
194,"Buffer",201,407,0.160159813816132,0.313652463605243
194,"Outside",232,377,0.153261099530731,0.288835576481547
195,"Core",210,392,0.163269510092403,0.317600165570766
195,"Buffer",208,401,0.162309537774786,0.308203886439961
195,"Outside",236,374,0.15202616967447,0.318679062524802
196,"Core",214,387,0.154378475158416,0.314422015725361
196,"Buffer",204,405,0.14258492736787,0.315371403091856
196,"Outside",215,394,0.152135351769122,0.30078597041737
197,"Core",220,379,0.149522645796545,0.314814972829018
197,"Buffer",221,387,0.162290907469985,0.304104208890771
197,"Outside",218,392,0.127823550430995,0.306253911694454
198,"Core",237,363,0.16206029084685,0.318039357530475
198,"Buffer",205,404,0.149392288150489,0.286316230773298
198,"Outside",222,388,0.138486444351987,0.311933701615612
199,"Core",202,401,0.168259114961449,0.322287597381985
199,"Buffer",207,401,0.14278442723994,0.305836615483268
199,"Outside",222,388,0.143395418138378,0.303547598937456
200,"Core",229,373,0.153172791486323,0.326593356529663
200,"Buffer",208,400,0.136263413352551,0.301798714039277
200,"Outside",231,379,0.144521271552315,0.320936673379613
201,"Core",229,374,0.16583544781093,0.315702470608537
201,"Buffer",197,411,0.166151358655534,0.314243168052086
201,"Outside",221,389,0.14636100929974,0.31526953394571
202,"Core",233,367,0.142828913322831,0.29992048432115
202,"Buffer",198,410,0.16844131098618,0.305081353023108
202,"Outside",225,384,0.141233413482146,0.298760126745513
203,"Core",233,368,0.157663869983353,0.335465462925023
203,"Buffer",200,408,0.14089433976374,0.2937662913678
203,"Outside",226,382,0.134860580793006,0.306282295071103
204,"Core",219,382,0.149725008511415,0.320195654594946
204,"Buffer",203,406,0.137751526271093,0.315452137623281
204,"Outside",231,379,0.133966705230578,0.315912968477933
205,"Core",217,383,0.146647038701733,0.322948918436138
205,"Buffer",224,382,0.140783266216503,0.330537188495849
205,"Outside",214,396,0.135646907835462,0.307739328883368
206,"Core",222,379,0.152964296085975,0.319767608340001
206,"Buffer",207,402,0.152172791431079,0.303289194928348
206,"Outside",210,400,0.151027971429889,0.295942808986368
207,"Core",226,374,0.136018956797617,0.314745728331282
207,"Buffer",193,414,0.161656199109143,0.314489478557822
207,"Outside",226,384,0.147523180450931,0.301383288006984
208,"Core",216,386,0.150110697855277,0.307841185057894
208,"Buffer",207,402,0.132750762003253,0.316058101532322
208,"Outside",238,371,0.151741250727849,0.298232627322052
209,"Core",227,375,0.155296048527226,0.304650191471141
209,"Buffer",216,392,0.141157497113183,0.317650553122145
209,"Outside",222,388,0.147139728704836,0.30500781071617
210,"Core",241,359,0.163936667066004,0.311591728007365
210,"Buffer",218,391,0.131387283664546,0.306847361996661
210,"Outside",220,389,0.162770703019045,0.315626461324118
211,"Core",228,376,0.161530766024088,0.332451182274725
211,"Buffer",213,394,0.158675026161416,0.302843942657873
211,"Outside",229,381,0.146452965844482,0.321661543804204
212,"Core",213,382,0.154963428265893,0.310076244254728
212,"Buffer",222,387,0.150140201886241,0.310956051533889
212,"Outside",215,395,0.142407434437839,0.304742349591419
213,"Core",240,360,0.138902378885837,0.324679338757139
213,"Buffer",207,400,0.136382413089702,0.315085330959527
213,"Outside",223,387,0.147381874683442,0.303637866034058
214,"Core",226,376,0.158652295032148,0.290188738114254
214,"Buffer",212,397,0.134226093653238,0.302328076697609
214,"Outside",222,388,0.140279607830441,0.311123667165547
215,"Core",216,386,0.161611123917222,0.31258989451689
215,"Buffer",206,400,0.155133794667493,0.28811337204345
215,"Outside",232,377,0.140196564553071,0.293512231905687
216,"Core",211,390,0.147904000364912,0.305837322914137
216,"Buffer",201,408,0.146139805765199,0.311708782334486
216,"Outside",230,380,0.129837876497373,0.315400814515822
217,"Core",226,373,0.14684631989492,0.313293609785758
217,"Buffer",212,397,0.172703910016038,0.298471093636193
217,"Outside",235,374,0.146215500291897,0.317744266848449
218,"Core",232,367,0.142417191777299,0.336988637288309
218,"Buffer",209,397,0.149887610411359,0.306957310293978
218,"Outside",223,385,0.141354154160401,0.293677108408613
219,"Core",241,360,0.155815055209302,0.307081462675306
219,"Buffer",212,398,0.160290118835652,0.313072718444761
219,"Outside",222,387,0.133954980139962,0.292799946591702
220,"Core",224,376,0.17008352210883,0.309401897624537
220,"Buffer",214,395,0.128986108063133,0.316032488493143
220,"Outside",238,371,0.136185904652586,0.300815418612982
221,"Core",231,365,0.161484388446803,0.305174980438784
221,"Buffer",199,407,0.165047662972208,0.314129525603754
221,"Outside",210,400,0.155013953832263,0.305916532931841
222,"Core",217,385,0.171475002075598,0.312486623511807
222,"Buffer",199,410,0.15356153789854,0.303178570860215
222,"Outside",211,399,0.12773526274212,0.301658543842761
223,"Core",221,379,0.150870645611596,0.330919372759482
223,"Buffer",228,382,0.165211947356805,0.317897465277089
223,"Outside",221,388,0.132538278870184,0.309343186491745
224,"Core",237,363,0.138250960566346,0.305981855259884
224,"Buffer",202,406,0.157829572939809,0.304736303567425
224,"Outside",210,400,0.155935567542123,0.301812687190322
225,"Core",230,371,0.149889167209414,0.332122496029825
225,"Buffer",220,389,0.144117110639649,0.314102853054744
225,"Outside",214,395,0.146897873211233,0.304718368582993
226,"Core",229,372,0.134936759839373,0.333023786512003
226,"Buffer",227,381,0.1502106548932,0.295873079132817
226,"Outside",237,373,0.13517970720008,0.313231585737215
227,"Core",224,378,0.162350402808054,0.320967223965797
227,"Buffer",211,397,0.153542126317966,0.325830895961251
227,"Outside",227,383,0.1572991931466,0.297826308884715
228,"Core",210,393,0.134214994605967,0.296682807276547
228,"Buffer",192,417,0.176120522301676,0.305995295069654
228,"Outside",212,397,0.140474081761088,0.2869774954896
229,"Core",207,390,0.145467727413764,0.335193802602401
229,"Buffer",191,417,0.135266029411602,0.298634800065893
229,"Outside",219,391,0.173699622586987,0.320810784831292
230,"Core",233,367,0.161687104818734,0.338689509064166
230,"Buffer",225,383,0.169524776417748,0.317689399318289
230,"Outside",222,387,0.155821583521419,0.308911246710728
231,"Core",221,381,0.154464966578136,0.314396180915954
231,"Buffer",209,399,0.131657553981453,0.306460724948637
231,"Outside",231,379,0.148260766667639,0.306441425819434
232,"Core",231,369,0.137220642019964,0.320693428602216
232,"Buffer",196,411,0.149268529130518,0.308997456470961
232,"Outside",209,401,0.127626284635339,0.306929342626395
233,"Core",210,394,0.149864102504817,0.331749630909335
233,"Buffer",197,409,0.144519434522535,0.29709329346548
233,"Outside",205,403,0.142631185170141,0.305206322841673
234,"Core",244,359,0.15103817565917,0.31312231774682
234,"Buffer",202,404,0.163376738306526,0.293831472653746
234,"Outside",237,372,0.141012424179649,0.305419156727685
235,"Core",200,402,0.15935889760772,0.295718702348486
235,"Buffer",207,402,0.140171113048359,0.308811686353847
235,"Outside",236,374,0.13594586457854,0.311400542922487
236,"Core",215,386,0.152303147131994,0.317830022250787
236,"Buffer",210,399,0.139214860564821,0.313985937027409
236,"Outside",215,393,0.14366862178561,0.295371050678168
237,"Core",223,378,0.139494913400534,0.330611387887433
237,"Buffer",207,401,0.150577189151202,0.297930444301189
237,"Outside",226,384,0.1596988781291,0.293664071326641
238,"Core",226,375,0.149424188974876,0.352367367009803
238,"Buffer",205,405,0.168899067193761,0.328553942621984
238,"Outside",240,369,0.144847403266992,0.306615815999711
239,"Core",224,378,0.153828985984953,0.324204481043718
239,"Buffer",206,401,0.144715222274534,0.310736564052056
239,"Outside",236,374,0.161200851472612,0.323471199644879
240,"Core",216,387,0.186075182824856,0.298995907487361
240,"Buffer",205,402,0.160505490540401,0.304458920421793
240,"Outside",237,373,0.147892856791817,0.321267193810882
241,"Core",190,410,0.149753797555074,0.305734928363834
241,"Buffer",218,390,0.146613662027209,0.295142315487196
241,"Outside",235,375,0.145400139256138,0.304166544188552
242,"Core",209,391,0.154958855829053,0.344873970511511
242,"Buffer",187,420,0.163232550478896,0.285619585334556
242,"Outside",211,399,0.156745388345678,0.295164207650243
243,"Core",210,388,0.130130833468797,0.317991349441185
243,"Buffer",196,411,0.17384415808766,0.316027932709455
243,"Outside",231,379,0.130497646237618,0.306568710795076
244,"Core",225,377,0.144741201358556,0.317588365470198
244,"Buffer",203,406,0.160835649188562,0.319315285477192
244,"Outside",228,381,0.148965403675259,0.308692334339078
245,"Core",226,373,0.142391203209536,0.322785602837739
245,"Buffer",201,408,0.154433229804044,0.290351944952182
245,"Outside",212,397,0.156148761703706,0.304772020514412
246,"Core",230,372,0.162615408063353,0.321295813036844
246,"Buffer",202,406,0.162076153889466,0.287386927429251
246,"Outside",224,386,0.151772646963938,0.317201832780724
247,"Core",240,361,0.129289302017558,0.308328816774529
247,"Buffer",199,408,0.13777315654748,0.322828947521952
247,"Outside",219,390,0.137524130528438,0.311218166970261
248,"Core",222,380,0.150846864342761,0.318412089351003
248,"Buffer",194,416,0.173121107998371,0.308307222478243
248,"Outside",219,390,0.151950223240463,0.288794263876726
249,"Core",226,378,0.139879175676237,0.338522759361035
249,"Buffer",203,406,0.176675624412334,0.297684545968208
249,"Outside",211,399,0.130000490001618,0.290445569166431
250,"Core",202,397,0.149835662029994,0.322002579255895
250,"Buffer",237,372,0.142857802728157,0.306331737314985
250,"Outside",223,386,0.14565885731863,0.315506276134545
251,"Core",225,370,0.159506199475183,0.319539672171041
251,"Buffer",216,393,0.145083227480034,0.306300614015323
251,"Outside",222,387,0.131663736990947,0.301659816637068
252,"Core",200,401,0.146117312702664,0.279635042608008
252,"Buffer",199,408,0.14538380706425,0.310717720753341
252,"Outside",217,393,0.14368240882702,0.31812980792179
253,"Core",230,369,0.159466958711325,0.302036193819717
253,"Buffer",218,390,0.146734324245015,0.295331253400358
253,"Outside",227,383,0.129731632738083,0.302433747916409
254,"Core",213,387,0.144374405464987,0.303301351585042
254,"Buffer",203,404,0.143240526744262,0.324213843435989
254,"Outside",225,385,0.151218165672569,0.29218056332477
255,"Core",219,378,0.144517370793378,0.320032660230788
255,"Buffer",221,388,0.131315283245309,0.322867788189616
255,"Outside",230,379,0.145578762004573,0.330747398432086
256,"Core",226,374,0.151604607196428,0.30112187214142
256,"Buffer",203,404,0.156784866182009,0.301246858439289
256,"Outside",201,409,0.152986083451518,0.302266253826095
257,"Core",224,375,0.141983356906227,0.338708446577744
257,"Buffer",193,417,0.133132520553764,0.286991913553832
257,"Outside",218,392,0.148338605325046,0.298247574264864
258,"Core",226,376,0.154390399545802,0.303902904032723
258,"Buffer",214,395,0.158299759894944,0.328050038593771
258,"Outside",208,402,0.17780739851143,0.284221195480975
259,"Core",219,381,0.164748349264846,0.300986686508885
259,"Buffer",210,398,0.163387053774492,0.32393132064079
259,"Outside",227,383,0.131439866140207,0.28980536404014
260,"Core",240,361,0.167632246332539,0.331200802105198
260,"Buffer",195,414,0.151810996375883,0.303851501837137
260,"Outside",240,370,0.151857795176817,0.307153064259024
261,"Core",212,391,0.154369431924203,0.306125570443869
261,"Buffer",207,402,0.163436283710906,0.320712049578866
261,"Outside",210,400,0.148839500845284,0.295436289670837
262,"Core",221,376,0.148554560571817,0.314030909903564
262,"Buffer",206,402,0.166188461075542,0.30868668278927
262,"Outside",205,403,0.147878732292717,0.307198962581993
263,"Core",237,368,0.144724625838362,0.317676332217398
263,"Buffer",212,395,0.161198887679409,0.305366173767667
263,"Outside",230,380,0.151004495707122,0.301975000083538
264,"Core",233,366,0.152783253642232,0.340415405060316
264,"Buffer",208,400,0.141772191850446,0.289351083302427
264,"Outside",230,380,0.135782113647286,0.318722995071158
265,"Core",219,383,0.15767415381496,0.308820325179618
265,"Buffer",199,411,0.157210101128655,0.31358580439888
265,"Outside",221,387,0.134598497817297,0.310065007284998
266,"Core",232,370,0.147689535603466,0.321523644033607
266,"Buffer",224,385,0.134286500482513,0.319165286972729
266,"Outside",218,392,0.158903063870524,0.307259567048835
267,"Core",234,369,0.13967588484382,0.320514892205285
267,"Buffer",199,410,0.143121978998343,0.285717224310637
267,"Outside",232,378,0.137451601873712,0.305116029082872
268,"Core",244,360,0.151894334153365,0.328276906474203
268,"Buffer",202,408,0.157300128335944,0.318157480739043
268,"Outside",215,395,0.152867707096433,0.295929289779558
269,"Core",232,370,0.146171727226028,0.310089378176077
269,"Buffer",195,413,0.151789413518962,0.306640686386082
269,"Outside",221,389,0.150628189278188,0.28118536450274
270,"Core",215,386,0.17262975937658,0.336184738686703
270,"Buffer",201,407,0.162936117625071,0.297296711203229
270,"Outside",222,387,0.150683837870964,0.316533324455707
271,"Core",218,384,0.127271253526037,0.33133323728786
271,"Buffer",210,400,0.163107752257285,0.306682986072014
271,"Outside",238,372,0.147154460747535,0.311016803707084
272,"Core",202,397,0.146600874758403,0.301778763554904
272,"Buffer",207,399,0.15165127192044,0.309124089959579
272,"Outside",213,397,0.143778591774683,0.313786146830048
273,"Core",228,371,0.164085028066806,0.332803212974548
273,"Buffer",221,388,0.150702653882462,0.30060302878831
273,"Outside",224,386,0.137531241661283,0.310172958585799
274,"Core",211,390,0.133738998818617,0.321267658763368
274,"Buffer",199,409,0.145378926580103,0.316746588190454
274,"Outside",225,385,0.140550226664932,0.319659889808815
275,"Core",215,384,0.14407306334795,0.300012899361307
275,"Buffer",205,404,0.151770081184807,0.295246080844082
275,"Outside",249,361,0.141905250869476,0.306503947704752
276,"Core",217,385,0.162764122890062,0.298040987857191
276,"Buffer",204,402,0.151142997430524,0.292527008437564
276,"Outside",216,394,0.147593945326184,0.327287551092222
277,"Core",219,385,0.155675239436193,0.31362479474757
277,"Buffer",218,389,0.145036712288465,0.312061433748533
277,"Outside",223,386,0.162300859056267,0.32040300953748
278,"Core",234,369,0.154609284498251,0.326151617143012
278,"Buffer",211,397,0.143266805864978,0.303546780035116
278,"Outside",233,377,0.157980745131514,0.316249059075805
279,"Core",222,379,0.13103536532541,0.317071852028988
279,"Buffer",215,394,0.130646772033327,0.31019626040199
279,"Outside",222,387,0.144113202900748,0.30123178863223
280,"Core",233,366,0.123106624237568,0.334343682352591
280,"Buffer",210,400,0.149904867572482,0.29638588794087
280,"Outside",226,383,0.125580076066757,0.305015597247973
281,"Core",227,374,0.13855968495952,0.340934596894875
281,"Buffer",213,396,0.138449571977517,0.317179010449973
281,"Outside",212,398,0.152263850036624,0.27503661393087
282,"Core",220,380,0.134700260126598,0.301552056349222
282,"Buffer",213,396,0.144837063649343,0.32781600902747
282,"Outside",215,393,0.144886824036086,0.302362280605871
283,"Core",234,367,0.168967346665865,0.318448723837397
283,"Buffer",216,392,0.169148469796108,0.307346642834931
283,"Outside",227,383,0.152853374795075,0.302902716299812
284,"Core",221,381,0.152137604965388,0.32287745730202
284,"Buffer",193,414,0.160225875123623,0.314608414573319
284,"Outside",230,380,0.136343875909738,0.3203228844608
285,"Core",205,397,0.153440139566116,0.288855557971305
285,"Buffer",194,413,0.160557101425507,0.304416065967472
285,"Outside",225,385,0.132718598968053,0.30907413328698
286,"Core",229,372,0.178087167135864,0.304116962187537
286,"Buffer",206,403,0.138546075321305,0.314376449517082
286,"Outside",218,392,0.146275253142077,0.287374689274166
287,"Core",227,374,0.144639815476929,0.293614394970814
287,"Buffer",217,393,0.150233109358965,0.303783268699348
287,"Outside",216,394,0.153947062231073,0.3105646672334
288,"Core",230,372,0.138877995634799,0.315695172920754
288,"Buffer",200,409,0.185362281798119,0.306151445511228
288,"Outside",232,378,0.136254288646415,0.306953089972151
289,"Core",227,373,0.14802208662597,0.295082321964538
289,"Buffer",206,402,0.138456692914468,0.309581716923478
289,"Outside",245,365,0.146439878026087,0.290570486713835
290,"Core",224,380,0.146359697482866,0.335971206200148
290,"Buffer",204,404,0.14466435129592,0.299277390969087
290,"Outside",223,387,0.145945134751592,0.321373785698193
291,"Core",210,392,0.135350113877211,0.309321639592111
291,"Buffer",188,419,0.168924061916686,0.296759552028494
291,"Outside",211,399,0.161862798403773,0.3140016736696
292,"Core",219,381,0.137317965703581,0.319814103082415
292,"Buffer",209,400,0.176774399758166,0.309969428481365
292,"Outside",229,381,0.135346905840531,0.320000099470805
293,"Core",227,376,0.169462687948643,0.324977761230821
293,"Buffer",208,400,0.151634306620121,0.301378117644865
293,"Outside",216,393,0.148667004142299,0.305943849662
294,"Core",233,369,0.152748340749028,0.320949782130239
294,"Buffer",213,396,0.130933816515466,0.308722295391688
294,"Outside",234,376,0.156985434535402,0.305066885142136
295,"Core",235,371,0.179739507900599,0.303486905642744
295,"Buffer",203,405,0.135716794415481,0.31104038588659
295,"Outside",215,395,0.147533609401448,0.307025569627459
296,"Core",224,374,0.137442445076211,0.329549126905895
296,"Buffer",202,407,0.139527701200228,0.315553438551425
296,"Outside",219,390,0.137685614384678,0.298101366315903
297,"Core",207,396,0.14218342086836,0.31539045731954
297,"Buffer",203,403,0.147491231077854,0.30533656528437
297,"Outside",219,390,0.150411347124841,0.33494604409723
298,"Core",221,383,0.154637692211244,0.305406561368491
298,"Buffer",202,406,0.174909745633225,0.298103519598573
298,"Outside",245,365,0.150005935393652,0.32233981948206
299,"Core",218,383,0.172745902454863,0.311956792285501
299,"Buffer",201,408,0.156287539647696,0.304430700509382
299,"Outside",232,377,0.136971865632558,0.298869792434539
300,"Core",220,384,0.161368393903872,0.310208873226233
300,"Buffer",207,399,0.120460792901606,0.298482244889063
300,"Outside",236,374,0.159120268910674,0.319065707816666
